3.437499999999999445e-01,3.636363636363636465e-01,4.358974358974359031e-01,8.965517241379310220e-02,1.023622047244094196e-01,2.112676056338028130e-01,1.194968553459119648e-01,2.591776798825264905e-01,3.652173913043474940e-01,1.677419354838710075e-01,7.142857142857144126e-01,0.000000000000000000e+00
6.875000000000000000e-01,2.272727272727272652e-01,8.461538461538461453e-01,1.034482758620689641e-01,2.335958005249343938e-01,2.816901408450703942e-02,1.257861635220125507e-02,4.662261380323116100e-01,2.956521739130435478e-01,8.387096774193547599e-02,6.250000000000000000e-01,0.000000000000000000e+00
1.250000000000000555e-01,5.113636363636363535e-01,1.025641025641025605e-01,8.275862068965518514e-02,9.711286089238842234e-02,2.112676056338028130e-01,1.132075471698113373e-01,2.709251101321683564e-01,6.086956521739130821e-01,2.387096774193548931e-01,4.821428571428572063e-01,0.000000000000000000e+00
3.437499999999999445e-01,4.772727272727271819e-01,3.589743589743589758e-01,1.586206896551723977e-01,8.398950131233597072e-02,2.816901408450704358e-01,6.792452830188679958e-01,5.308370044052850290e-01,3.130434782608695343e-01,9.032258064516129892e-02,1.785714285714286031e-01,0.000000000000000000e+00
1.250000000000000555e-01,1.477272727272726793e-01,3.205128205128204844e-01,8.620689655172413257e-01,8.661417322834645549e-02,1.000000000000000000e+00,9.685534591194968623e-01,5.242290748898739139e-01,4.086956521739129045e-01,9.032258064516129892e-02,3.392857142857144126e-01,0.000000000000000000e+00
3.229166666666665741e-01,3.409090909090909394e-01,3.333333333333333148e-01,6.896551724137929551e-02,1.417322834645669549e-01,3.098591549295774961e-01,2.955974842767296051e-01,5.895741556534517258e-01,4.956521739130437254e-01,2.193548387096774244e-01,1.428571428571427937e-01,0.000000000000000000e+00
6.979166666666667407e-01,5.000000000000000000e-01,6.282051282051280827e-01,1.241379310344827708e-01,1.338582677165354173e-01,1.267605633802816878e-01,2.201257861635220192e-01,6.850220264317243846e-01,2.521739130434781373e-01,1.483870967741935387e-01,3.750000000000000000e-01,0.000000000000000000e+00
4.062499999999999445e-01,3.295454545454545858e-01,3.974358974358974117e-01,1.172413793103448260e-01,1.364829396325459299e-01,2.816901408450704358e-01,2.767295597484277225e-01,5.969162995594672338e-01,4.434782608695653217e-01,3.290322580645161366e-01,2.678571428571430157e-01,0.000000000000000000e+00
3.645833333333332038e-01,3.977272727272727071e-01,3.076923076923076539e-01,7.586206896551724033e-02,1.181102362204724393e-01,2.112676056338028130e-01,5.031446540880503138e-01,5.558002936857633358e-01,4.173913043478258977e-01,1.548387096774193616e-01,1.964285714285713969e-01,0.000000000000000000e+00
3.541666666666665741e-01,4.204545454545455252e-01,2.820512820512820484e-01,8.965517241379310220e-02,1.154855643044619268e-01,4.507042253521126862e-01,5.220125786163521964e-01,4.926578560939702811e-01,3.478260869565215074e-01,3.870967741935482653e-02,2.142857142857141906e-01,0.000000000000000000e+00
4.999999999999999445e-01,6.534090909090909394e-01,1.282051282051281937e-01,8.275862068965518514e-02,1.181102362204724393e-01,7.042253521126760896e-02,1.572327044025157439e-01,6.262848751835576877e-01,3.217391304347825276e-01,1.032258064516129448e-01,3.035714285714286031e-01,0.000000000000000000e+00
4.791666666666666852e-01,6.988636363636363535e-01,3.461538461538461453e-01,1.310344827586206740e-01,1.154855643044619268e-01,3.239436619718309984e-01,3.144654088050314877e-01,6.116005873715124608e-01,3.913043478260869179e-01,1.741935483870968304e-01,3.928571428571427937e-01,0.000000000000000000e+00
5.729166666666665186e-01,1.931818181818182045e-01,5.897435897435897578e-01,6.896551724137929551e-02,1.233595800524934366e-01,7.042253521126760896e-02,1.886792452830188260e-02,4.559471365638785301e-01,2.086956521739131709e-01,5.161290322580641687e-02,3.571428571428572063e-01,0.000000000000000000e+00
2.395833333333333148e-01,5.568181818181818787e-01,2.564102564102564014e-02,8.275862068965518514e-02,8.398950131233597072e-02,9.859154929577465531e-02,1.194968553459119648e-01,5.234948604992695209e-01,5.304347826086956985e-01,1.741935483870968304e-01,1.964285714285713969e-01,0.000000000000000000e+00
6.458333333333332593e-01,2.613636363636363535e-01,6.025641025641024218e-01,6.206896551724137845e-02,2.204724409448818867e-01,7.042253521126760896e-02,5.031446540880503415e-02,5.969162995594672338e-01,3.826086956521739246e-01,2.258064516129032473e-01,2.500000000000002220e-01,0.000000000000000000e+00
2.499999999999999445e-01,6.022727272727271819e-01,1.025641025641025605e-01,8.275862068965518514e-02,7.611548556430446089e-02,5.774647887323943740e-01,2.893081761006289776e-01,4.412628487518333031e-01,4.869565217391302880e-01,1.290322580645161255e-01,3.214285714285713969e-01,0.000000000000000000e+00
2.604166666666666852e-01,5.340909090909090606e-01,0.000000000000000000e+00,6.896551724137929551e-02,1.653543307086613456e-01,1.830985915492957805e-01,2.012578616352201366e-01,4.904552129221713130e-01,4.434782608695653217e-01,1.161290322580644796e-01,1.071428571428572063e-01,0.000000000000000000e+00
4.583333333333332038e-01,6.818181818181818787e-01,8.717948717948718063e-01,5.517241379310344751e-02,9.973753280839895430e-01,2.394366197183098455e-01,3.647798742138365080e-01,4.735682819383271180e-01,3.478260869565197311e-02,6.000000000000000888e-01,1.250000000000000000e-01,0.000000000000000000e+00
5.416666666666667407e-01,1.818181818181818510e-01,7.179487179487179516e-01,7.586206896551724033e-02,1.023622047244094196e-01,2.816901408450703942e-02,1.257861635220125507e-02,3.869309838472787533e-01,2.521739130434781373e-01,2.129032258064516014e-01,5.357142857142860315e-01,0.000000000000000000e+00
2.499999999999999445e-01,4.886363636363636465e-01,2.564102564102564014e-02,9.655172413793101927e-02,1.259842519685038797e-01,3.239436619718309984e-01,5.534591194968553340e-01,5.411160058737181089e-01,5.999999999999996447e-01,8.387096774193547599e-02,2.321428571428569843e-01,0.000000000000000000e+00
3.854166666666666852e-01,2.272727272727272652e-01,4.102564102564102422e-01,8.965517241379310220e-02,1.233595800524934366e-01,4.366197183098591839e-01,4.591194968553459210e-01,4.647577092511028241e-01,3.826086956521739246e-01,2.064516129032258340e-01,4.642857142857144126e-01,0.000000000000000000e+00
2.708333333333333148e-01,5.795454545454545858e-01,2.564102564102564014e-02,8.965517241379310220e-02,9.973753280839896262e-02,4.225352112676056815e-01,5.408805031446540790e-01,4.104258443465482742e-01,3.999999999999999112e-01,1.806451612903226533e-01,4.821428571428572063e-01,0.000000000000000000e+00
3.333333333333333148e-01,1.000000000000000000e+00,6.410256410256409687e-02,8.965517241379310220e-02,1.312335958005249603e-01,1.690140845070422504e-01,1.446540880503144888e-01,4.280469897209968622e-01,3.130434782608695343e-01,9.677419354838712184e-02,2.678571428571430157e-01,0.000000000000000000e+00
2.395833333333333148e-01,2.272727272727272652e-01,2.692307692307692180e-01,9.655172413793101927e-02,1.364829396325459299e-01,2.676056338028169335e-01,3.710691823899371355e-01,4.045521292217273412e-01,4.695652173913043015e-01,9.032258064516129892e-02,3.035714285714286031e-01,0.000000000000000000e+00
4.583333333333332038e-01,7.215909090909091717e-01,0.000000000000000000e+00,1.172413793103448260e-01,1.627296587926508886e-01,1.408450704225352179e-01,1.257861635220126062e-01,6.850220264317243846e-01,4.260869565217393351e-01,2.774193548387096642e-01,1.785714285714286031e-01,0.000000000000000000e+00
2.187499999999999445e-01,5.454545454545455252e-01,0.000000000000000000e+00,1.241379310344827708e-01,2.335958005249343938e-01,1.971830985915492829e-01,1.698113207547169989e-01,3.898678414096821143e-01,5.043478260869562746e-01,1.483870967741935387e-01,5.178571428571432378e-01,0.000000000000000000e+00
2.395833333333333148e-01,6.022727272727271819e-01,0.000000000000000000e+00,6.896551724137929551e-02,2.099737532808398921e-01,2.816901408450703942e-02,2.515723270440251014e-02,4.618208516886994630e-01,4.260869565217393351e-01,1.290322580645161255e-01,2.321428571428569843e-01,0.000000000000000000e+00
4.479166666666665741e-01,2.727272727272727071e-01,5.256410256410255499e-01,7.586206896551724033e-02,6.299212598425195375e-02,1.971830985915492829e-01,2.138364779874213917e-01,2.988252569750358134e-01,3.130434782608695343e-01,1.290322580645161255e-01,6.785714285714283811e-01,0.000000000000000000e+00
2.604166666666666852e-01,5.681818181818182323e-01,4.230769230769230727e-01,1.103448275862069089e-01,8.923884514435696802e-02,4.647887323943662441e-01,6.037735849056604653e-01,2.988252569750358134e-01,3.565217391304349448e-01,2.451612903225806606e-01,7.857142857142860315e-01,0.000000000000000000e+00
2.604166666666666852e-01,2.045454545454545581e-01,2.692307692307692180e-01,1.103448275862069089e-01,1.076115485564304447e-01,5.633802816901408717e-01,3.899371069182390181e-01,4.251101321585935011e-01,4.434782608695653217e-01,9.032258064516129892e-02,3.035714285714286031e-01,0.000000000000000000e+00
1.770833333333333148e-01,5.795454545454545858e-01,1.025641025641025605e-01,8.275862068965518514e-02,2.887139107611547129e-02,2.535211267605634311e-01,2.641509433962264675e-01,3.546255506607991492e-01,5.478260869565221292e-01,5.806451612903223980e-02,5.357142857142860315e-01,0.000000000000000000e+00
5.520833333333332593e-01,3.636363636363636465e-01,3.076923076923076539e-01,1.241379310344827708e-01,1.784776902887138528e-01,1.690140845070422504e-01,1.635220125786163714e-01,7.290748898678458545e-01,3.652173913043474940e-01,1.032258064516129448e-01,2.857142857142858094e-01,0.000000000000000000e+00
2.604166666666666852e-01,1.931818181818182045e-01,4.230769230769230727e-01,5.517241379310344751e-02,7.086614173228346358e-02,2.816901408450703942e-02,4.402515723270440662e-02,4.353891336270265811e-01,3.217391304347825276e-01,4.516129032258065501e-01,2.857142857142858094e-01,1.000000000000000000e+00
3.645833333333332038e-01,9.545454545454545858e-01,1.153846153846153633e-01,9.655172413793101927e-02,8.136482939632545819e-02,8.450704225352113907e-02,1.949685534591195091e-01,4.977973568282010319e-01,3.999999999999999112e-01,9.677419354838712184e-02,1.071428571428572063e-01,0.000000000000000000e+00
4.062499999999999445e-01,4.204545454545455252e-01,2.820512820512820484e-01,7.586206896551724033e-02,1.732283464566928832e-01,8.450704225352113907e-02,1.320754716981132337e-01,4.867841409691635590e-01,2.956521739130435478e-01,1.032258064516129448e-01,3.214285714285713969e-01,0.000000000000000000e+00
6.666666666666665186e-01,3.295454545454545858e-01,9.358974358974357921e-01,1.586206896551723977e-01,8.398950131233597072e-02,7.042253521126760896e-02,1.006289308176100544e-01,6.262848751835576877e-01,2.695652173913041239e-01,1.677419354838710075e-01,5.000000000000000000e-01,0.000000000000000000e+00
1.874999999999999445e-01,8.409090909090910504e-01,0.000000000000000000e+00,4.827586206896551657e-02,4.724409448818898960e-02,1.126760563380281716e-01,6.918238993710691676e-02,3.377386196769549542e-01,5.565217391304346783e-01,1.483870967741935387e-01,4.464285714285716189e-01,0.000000000000000000e+00
2.291666666666666852e-01,4.318181818181818787e-01,5.128205128205128027e-02,1.448275862068965636e-01,1.128608923884514420e-01,8.450704225352113907e-02,1.320754716981132337e-01,6.336270190895731957e-01,7.217391304347824388e-01,3.290322580645161366e-01,1.785714285714286031e-01,0.000000000000000000e+00
8.229166666666665186e-01,2.840909090909090606e-01,6.923076923076922906e-01,1.310344827586206740e-01,1.811023622047244208e-01,2.535211267605634311e-01,2.201257861635220192e-01,6.842878120411199916e-01,3.043478260869565410e-01,2.322580645161290702e-01,5.178571428571432378e-01,0.000000000000000000e+00
2.604166666666666852e-01,3.750000000000000000e-01,2.307692307692307265e-01,1.241379310344827708e-01,9.186351706036745279e-02,1.690140845070422504e-01,1.761006289308176265e-01,4.867841409691635590e-01,3.739130434782609314e-01,5.161290322580641687e-02,1.428571428571427937e-01,0.000000000000000000e+00
7.500000000000000000e-01,2.613636363636363535e-01,8.846153846153844702e-01,1.310344827586206740e-01,1.601049868766404316e-01,2.253521126760563431e-01,1.823899371069182540e-01,6.850220264317243846e-01,2.086956521739131709e-01,1.354838709677419484e-01,4.285714285714288252e-01,0.000000000000000000e+00
2.395833333333333148e-01,3.068181818181817677e-01,2.564102564102564014e-02,6.896551724137929551e-02,1.207349081364829241e-01,1.971830985915492829e-01,1.383647798742138613e-01,3.560939794419937243e-01,4.260869565217393351e-01,2.645161290322581293e-01,3.928571428571427937e-01,0.000000000000000000e+00
7.083333333333332593e-01,2.159090909090909116e-01,6.282051282051280827e-01,1.655172413793103425e-01,9.448818897637796532e-02,1.267605633802816878e-01,1.949685534591195091e-01,7.511013215859065895e-01,3.999999999999999112e-01,3.290322580645161366e-01,4.642857142857144126e-01,0.000000000000000000e+00
2.708333333333333148e-01,3.181818181818181213e-01,2.564102564102563875e-01,4.827586206896551657e-02,3.937007874015747977e-02,3.239436619718309984e-01,3.647798742138365080e-01,2.518355359765109824e-01,4.521739130434783149e-01,1.096774193548386567e-01,5.892857142857144126e-01,0.000000000000000000e+00
3.124999999999999445e-01,4.204545454545455252e-01,7.692307692307691347e-02,5.517241379310344751e-02,1.049868766404199599e-01,1.126760563380281716e-01,2.075471698113207641e-01,4.464023494860498431e-01,4.260869565217393351e-01,5.161290322580641687e-02,2.500000000000002220e-01,0.000000000000000000e+00
2.604166666666666852e-01,4.659090909090908283e-01,6.410256410256409687e-02,9.655172413793101927e-02,1.233595800524934366e-01,2.112676056338028130e-01,1.886792452830188815e-01,4.089574155653394882e-01,4.521739130434783149e-01,1.290322580645161255e-01,3.392857142857144126e-01,0.000000000000000000e+00
3.645833333333332038e-01,1.818181818181818510e-01,5.384615384615384359e-01,9.655172413793101927e-02,1.679790026246719137e-01,2.816901408450703942e-02,1.886792452830188260e-02,3.663729809104268043e-01,3.565217391304349448e-01,9.677419354838712184e-02,6.964285714285716189e-01,0.000000000000000000e+00
5.833333333333334814e-01,1.818181818181818510e-01,5.769230769230768718e-01,3.793103448275861878e-01,1.023622047244094196e-01,5.633802816901408578e-02,4.402515723270440662e-02,5.528634361233599748e-01,3.217391304347825276e-01,2.709677419354838412e-01,7.500000000000000000e-01,1.000000000000000000e+00
2.812499999999999445e-01,7.102272727272728181e-01,2.435897435897435848e-01,2.965517241379310165e-01,1.574803149606299191e-01,2.535211267605634311e-01,5.786163522012579552e-01,5.183553597650529809e-01,2.608695652173915747e-01,7.741935483870970858e-02,2.083333333333339255e-01,0.000000000000000000e+00
3.333333333333333148e-01,4.318181818181818787e-01,4.358974358974359031e-01,1.103448275862069089e-01,1.102362204724409295e-01,9.859154929577465531e-02,6.918238993710691676e-02,1.674008810572615857e-01,2.956521739130435478e-01,2.064516129032258340e-01,8.392857142857144126e-01,1.000000000000000000e+00
1.874999999999999445e-01,5.340909090909090606e-01,4.230769230769230727e-01,6.206896551724137845e-02,6.561679790026246628e-02,2.112676056338028130e-01,1.383647798742138613e-01,3.847283406754797852e-01,4.347826086956518843e-01,1.548387096774193616e-01,3.035714285714286031e-01,0.000000000000000000e+00
2.708333333333333148e-01,1.647727272727272652e-01,5.000000000000000000e-01,2.068965517241379282e-02,6.561679790026246628e-02,8.450704225352113907e-02,3.144654088050313767e-02,2.378854625550701485e-01,3.739130434782609314e-01,7.741935483870970858e-02,5.535714285714288252e-01,0.000000000000000000e+00
6.041666666666667407e-01,3.068181818181817677e-01,4.487179487179486226e-01,1.655172413793103425e-01,1.522309711286088940e-01,3.239436619718309984e-01,4.025157232704402732e-01,5.807635829662274318e-01,3.043478260869565410e-01,1.870967741935483653e-01,3.750000000000000000e-01,0.000000000000000000e+00
3.333333333333333148e-01,4.772727272727271819e-01,2.948717948717948789e-01,9.655172413793101927e-02,1.102362204724409295e-01,3.098591549295774961e-01,5.534591194968553340e-01,4.985315712188054249e-01,3.043478260869565410e-01,1.161290322580644796e-01,1.964285714285713969e-01,0.000000000000000000e+00
2.916666666666665741e-01,4.772727272727271819e-01,7.179487179487179516e-01,1.517241379310345084e-01,3.123359580052493256e-01,5.633802816901408578e-02,5.031446540880503415e-02,3.443465491923660693e-01,3.043478260869565410e-01,4.064516129032259006e-01,5.714285714285716189e-01,0.000000000000000000e+00
4.687499999999998335e-01,2.272727272727272652e-01,4.358974358974359031e-01,4.827586206896551657e-02,7.349081364829394836e-02,5.633802816901408578e-02,3.773584905660377908e-02,4.845814977973645910e-01,2.956521739130435478e-01,1.741935483870968304e-01,3.750000000000000000e-01,0.000000000000000000e+00
3.229166666666665741e-01,6.534090909090909394e-01,1.025641025641025605e-01,1.034482758620689641e-01,1.522309711286088940e-01,1.267605633802816878e-01,2.201257861635220192e-01,5.381791483113005370e-01,3.304347826086959650e-01,2.000000000000000111e-01,2.500000000000002220e-01,0.000000000000000000e+00
7.604166666666667407e-01,2.500000000000000000e-01,7.179487179487179516e-01,8.275862068965518514e-02,1.548556430446194621e-01,7.042253521126760896e-02,1.132075471698113373e-01,6.740088105726869117e-01,2.434782608695651440e-01,2.000000000000000111e-01,4.464285714285716189e-01,0.000000000000000000e+00
8.958333333333332593e-01,2.045454545454545581e-01,6.666666666666666297e-01,1.586206896551723977e-01,1.574803149606299191e-01,2.253521126760563431e-01,2.955974842767296051e-01,8.318649045521340213e-01,1.652173913043477604e-01,2.645161290322581293e-01,1.964285714285713969e-01,0.000000000000000000e+00
2.083333333333333148e-01,3.409090909090909394e-01,3.076923076923076539e-01,5.517241379310344751e-02,1.128608923884514420e-01,2.394366197183098455e-01,1.761006289308176265e-01,3.472834067547694303e-01,4.608695652173913082e-01,1.290322580645161255e-01,3.928571428571427937e-01,0.000000000000000000e+00
6.458333333333332593e-01,4.204545454545455252e-01,6.282051282051280827e-01,2.551724137931034031e-01,2.204724409448818867e-01,1.267605633802816878e-01,6.918238993710691676e-02,7.437591776798910814e-01,1.826086956521737470e-01,1.032258064516129448e-01,5.892857142857144126e-01,0.000000000000000000e+00
2.187499999999999445e-01,7.386363636363637575e-01,6.410256410256409687e-02,7.586206896551724033e-02,9.448818897637796532e-02,7.042253521126760896e-02,5.031446540880503415e-02,4.074889867841449131e-01,5.652173913043476716e-01,1.677419354838710075e-01,4.285714285714288252e-01,0.000000000000000000e+00
3.645833333333332038e-01,9.090909090909091161e-02,4.358974358974359031e-01,2.896551724137930717e-01,7.349081364829394836e-02,9.859154929577465531e-02,1.006289308176100544e-01,5.381791483113005370e-01,3.130434782608695343e-01,3.483870967741936053e-01,4.464285714285716189e-01,0.000000000000000000e+00
2.499999999999999445e-01,5.000000000000000000e-01,0.000000000000000000e+00,6.206896551724137845e-02,1.049868766404199599e-01,2.112676056338028130e-01,1.761006289308176265e-01,5.234948604992695209e-01,5.304347826086956985e-01,1.935483870967741882e-01,2.678571428571430157e-01,0.000000000000000000e+00
6.354166666666667407e-01,2.727272727272727071e-01,5.256410256410255499e-01,8.965517241379310220e-02,1.312335958005249603e-01,8.450704225352113907e-02,6.918238993710691676e-02,6.116005873715124608e-01,1.913043478260871844e-01,1.741935483870968304e-01,1.607142857142858094e-01,0.000000000000000000e+00
2.395833333333333148e-01,5.454545454545455252e-01,2.564102564102564014e-02,8.275862068965518514e-02,8.661417322834645549e-02,1.126760563380281716e-01,1.069182389937106820e-01,5.088105726872242940e-01,5.304347826086956985e-01,1.741935483870968304e-01,1.785714285714286031e-01,0.000000000000000000e+00
1.874999999999999445e-01,5.113636363636363535e-01,0.000000000000000000e+00,8.965517241379310220e-02,1.601049868766404316e-01,6.619718309859154992e-01,3.333333333333333703e-01,3.920704845814952932e-01,6.521739130434780485e-01,1.935483870967741882e-01,5.535714285714288252e-01,0.000000000000000000e+00
1.666666666666665741e-01,4.431818181818182323e-01,1.923076923076922906e-01,6.206896551724137845e-02,1.128608923884514420e-01,3.521126760563380587e-01,1.823899371069182540e-01,2.254038179148238896e-01,3.999999999999999112e-01,2.709677419354838412e-01,5.714285714285716189e-01,0.000000000000000000e+00
1.458333333333332038e-01,4.772727272727271819e-01,2.948717948717948789e-01,1.103448275862069089e-01,2.624671916010498651e-02,2.112676056338028130e-01,4.025157232704402732e-01,2.533039647577197684e-01,5.217391304347827052e-01,1.612903225806451846e-01,7.321428571428572063e-01,0.000000000000000000e+00
2.916666666666665741e-01,3.750000000000000000e-01,2.564102564102563875e-01,1.172413793103448260e-01,7.821522309711286258e-01,9.859154929577465531e-02,5.031446540880503415e-02,4.941262848751932779e-01,3.043478260869565410e-01,3.225806451612904246e-01,3.750000000000000000e-01,0.000000000000000000e+00
6.145833333333332593e-01,1.704545454545454419e-01,6.282051282051280827e-01,8.965517241379310220e-02,7.611548556430446089e-02,2.394366197183098455e-01,2.138364779874213917e-01,5.528634361233599748e-01,2.434782608695651440e-01,7.096774193548388565e-02,2.500000000000002220e-01,0.000000000000000000e+00
1.666666666666665741e-01,3.977272727272727071e-01,1.666666666666666574e-01,9.655172413793101927e-02,1.102362204724409295e-01,3.943661971830986213e-01,2.138364779874213917e-01,4.162995594713692071e-01,4.869565217391302880e-01,2.258064516129032473e-01,4.642857142857144126e-01,0.000000000000000000e+00
6.875000000000000000e-01,2.045454545454545581e-01,5.769230769230768718e-01,7.586206896551724033e-02,1.259842519685038797e-01,7.042253521126760896e-02,5.660377358490566169e-02,6.409691629956029146e-01,6.956521739130439030e-02,1.677419354838710075e-01,1.428571428571427937e-01,0.000000000000000000e+00
2.812499999999999445e-01,4.090909090909090606e-01,1.666666666666666574e-01,1.034482758620689641e-01,1.154855643044619268e-01,4.647887323943662441e-01,3.459119496855346254e-01,3.825256975036666063e-01,4.956521739130437254e-01,1.225806451612903025e-01,4.285714285714288252e-01,0.000000000000000000e+00
3.333333333333333148e-01,1.931818181818182045e-01,5.256410256410255499e-01,4.137931034482758563e-02,5.774278215223095645e-02,7.042253521126760896e-02,1.823899371069182540e-01,2.856093979441993724e-01,3.739130434782609314e-01,2.000000000000000111e-01,4.642857142857144126e-01,0.000000000000000000e+00
1.562499999999999445e-01,2.272727272727272652e-01,3.076923076923076539e-01,8.965517241379310220e-02,1.601049868766404316e-01,2.535211267605634311e-01,2.264150943396226467e-01,3.325991189427384143e-01,6.173913043478260754e-01,1.096774193548386567e-01,5.892857142857144126e-01,0.000000000000000000e+00
4.270833333333333148e-01,4.431818181818182323e-01,5.128205128205128027e-02,8.965517241379310220e-02,2.230971128608923992e-01,1.830985915492957805e-01,3.144654088050314877e-01,4.500734214390575971e-01,3.043478260869565410e-01,1.290322580645161255e-01,4.464285714285716189e-01,0.000000000000000000e+00
2.916666666666665741e-01,4.431818181818182323e-01,3.076923076923076539e-01,7.586206896551724033e-02,1.154855643044619268e-01,1.267605633802816878e-01,1.383647798742138613e-01,6.042584434654969527e-01,5.130434782608697120e-01,2.451612903225806606e-01,1.964285714285713969e-01,0.000000000000000000e+00
4.166666666666665741e-01,2.954545454545454142e-01,5.769230769230768718e-01,1.034482758620689641e-01,9.973753280839896262e-02,4.366197183098591839e-01,3.333333333333333703e-01,4.478707782672586291e-01,4.086956521739129045e-01,2.387096774193548931e-01,6.428571428571427937e-01,0.000000000000000000e+00
4.895833333333333148e-01,5.965909090909091717e-01,1.410256410256410242e-01,1.241379310344827708e-01,1.128608923884514420e-01,7.042253521126760896e-02,1.572327044025157439e-01,6.116005873715124608e-01,2.869565217391305545e-01,1.935483870967741882e-01,3.035714285714286031e-01,0.000000000000000000e+00
3.333333333333333148e-01,4.375000000000000000e-01,7.692307692307691347e-02,2.137931034482758452e-01,1.391076115485563869e-01,3.661971830985915610e-01,3.459119496855346254e-01,4.720998531571325429e-01,4.347826086956518843e-01,1.741935483870968304e-01,4.107142857142855874e-01,0.000000000000000000e+00
4.583333333333332038e-01,2.727272727272727071e-01,6.410256410256409687e-01,6.206896551724137845e-02,9.711286089238842234e-02,8.450704225352113907e-02,6.289308176100628922e-02,3.340675477239329894e-01,3.043478260869565410e-01,1.870967741935483653e-01,7.321428571428572063e-01,1.000000000000000000e+00
4.895833333333333148e-01,9.090909090909091161e-02,4.230769230769230727e-01,9.655172413793101927e-02,7.086614173228346358e-02,7.183098591549296197e-01,4.213836477987421558e-01,5.719530102790031378e-01,5.304347826086956985e-01,3.225806451612904246e-01,3.214285714285713969e-01,0.000000000000000000e+00
4.479166666666665741e-01,4.204545454545455252e-01,6.282051282051280827e-01,6.896551724137929551e-02,3.595800524934383291e-01,7.042253521126760896e-02,1.194968553459119648e-01,5.455212922173302559e-01,3.565217391304349448e-01,1.354838709677419484e-01,1.785714285714286031e-01,0.000000000000000000e+00
8.437500000000000000e-01,7.727272727272727071e-01,8.076923076923075984e-01,1.034482758620689641e-01,1.417322834645669549e-01,1.690140845070422504e-01,1.823899371069182540e-01,7.070484581497851195e-01,2.086956521739131709e-01,1.290322580645161255e-01,3.571428571428572063e-01,0.000000000000000000e+00
8.854166666666665186e-01,3.409090909090909394e-01,6.666666666666666297e-01,8.965517241379310220e-02,9.711286089238842234e-02,1.549295774647887203e-01,1.823899371069182540e-01,7.731277533039673244e-01,2.086956521739131709e-01,1.032258064516129448e-01,1.071428571428572063e-01,0.000000000000000000e+00
3.020833333333332038e-01,3.977272727272727071e-01,1.923076923076922906e-01,1.310344827586206740e-01,1.994750656167978975e-01,4.507042253521126862e-01,4.213836477987421558e-01,3.986784140969206192e-01,2.695652173913041239e-01,1.483870967741935387e-01,3.214285714285713969e-01,0.000000000000000000e+00
2.916666666666665741e-01,2.500000000000000000e-01,7.307692307692306155e-01,9.655172413793101927e-02,1.889763779527559029e-01,5.633802816901408578e-02,3.773584905660377908e-02,4.390602055800343351e-01,4.347826086956518843e-01,9.677419354838712184e-02,5.357142857142860315e-01,0.000000000000000000e+00
6.354166666666667407e-01,2.727272727272727071e-01,5.256410256410255499e-01,8.965517241379310220e-02,1.312335958005249603e-01,8.450704225352113907e-02,6.918238993710691676e-02,6.116005873715124608e-01,1.913043478260871844e-01,1.741935483870968304e-01,1.607142857142858094e-01,0.000000000000000000e+00
2.291666666666666852e-01,5.340909090909090606e-01,1.282051282051282007e-02,1.034482758620689641e-01,1.102362204724409295e-01,1.830985915492957805e-01,2.075471698113207641e-01,3.781204111600686701e-01,4.173913043478258977e-01,8.387096774193547599e-02,4.285714285714288252e-01,0.000000000000000000e+00
4.166666666666665741e-01,4.318181818181818787e-01,3.333333333333333148e-01,1.103448275862069089e-01,1.653543307086613456e-01,8.450704225352113907e-02,1.572327044025157439e-01,5.528634361233599748e-01,3.565217391304349448e-01,1.290322580645161255e-01,1.607142857142858094e-01,0.000000000000000000e+00
5.104166666666665186e-01,4.318181818181818787e-01,5.384615384615384359e-01,1.034482758620689641e-01,1.233595800524934366e-01,3.380281690140845563e-01,2.893081761006289776e-01,5.088105726872242940e-01,2.956521739130435478e-01,2.000000000000000111e-01,5.357142857142860315e-01,0.000000000000000000e+00
5.312500000000000000e-01,3.977272727272727071e-01,2.435897435897435848e-01,1.586206896551723977e-01,1.233595800524934366e-01,9.859154929577465531e-02,1.509433962264151163e-01,6.116005873715124608e-01,3.217391304347825276e-01,1.161290322580644796e-01,3.750000000000000000e-01,0.000000000000000000e+00
3.333333333333333148e-01,3.977272727272727071e-01,3.205128205128204844e-01,1.379310344827586188e-01,1.128608923884514420e-01,2.816901408450704358e-01,2.452830188679245293e-01,5.381791483113005370e-01,5.478260869565221292e-01,3.612903225806451402e-01,6.607142857142855874e-01,0.000000000000000000e+00
5.937500000000000000e-01,2.840909090909090606e-01,7.051282051282051766e-01,1.586206896551723977e-01,1.102362204724409295e-01,2.957746478873239937e-01,3.018867924528302327e-01,6.997063142437696115e-01,2.521739130434781373e-01,3.161290322580646017e-01,2.678571428571430157e-01,0.000000000000000000e+00
3.437499999999999445e-01,6.193181818181817677e-01,6.410256410256409687e-02,6.896551724137929551e-02,1.049868766404199599e-01,9.859154929577465531e-02,8.176100628930817182e-02,4.500734214390575971e-01,4.173913043478258977e-01,3.548387096774193172e-01,3.750000000000000000e-01,0.000000000000000000e+00
1.874999999999999445e-01,4.204545454545455252e-01,7.692307692307691347e-02,7.586206896551724033e-02,7.611548556430446089e-02,3.943661971830986213e-01,2.389937106918239018e-01,3.538913362701805454e-01,4.521739130434783149e-01,2.774193548387096642e-01,3.392857142857144126e-01,0.000000000000000000e+00
3.124999999999999445e-01,2.272727272727270709e-02,4.358974358974359031e-01,1.241379310344827708e-01,8.398950131233597072e-02,1.971830985915492829e-01,3.270440251572327428e-01,3.399412628487539223e-01,4.434782608695653217e-01,2.451612903225806606e-01,6.071428571428572063e-01,0.000000000000000000e+00
3.750000000000000555e-01,5.681818181818182323e-01,1.923076923076922906e-01,6.896551724137929551e-02,1.181102362204724393e-01,2.253521126760563431e-01,2.264150943396226467e-01,5.234948604992695209e-01,3.913043478260869179e-01,9.032258064516129892e-02,2.142857142857141906e-01,0.000000000000000000e+00
3.750000000000000555e-01,4.204545454545455252e-01,0.000000000000000000e+00,3.448275862068965469e-02,9.448818897637796532e-02,7.042253521126760896e-02,5.031446540880503415e-02,4.302496328928100411e-01,3.391304347826085142e-01,1.548387096774193616e-01,2.857142857142858094e-01,0.000000000000000000e+00
3.645833333333332038e-01,2.500000000000000000e-01,4.102564102564102422e-01,1.103448275862069089e-01,1.207349081364829241e-01,3.239436619718309984e-01,4.088050314465409008e-01,4.530102790014751690e-01,3.565217391304349448e-01,2.903225806451613100e-01,4.642857142857144126e-01,0.000000000000000000e+00
3.124999999999999445e-01,5.113636363636363535e-01,2.307692307692307265e-01,1.034482758620689641e-01,1.286089238845144478e-01,7.042253521126760896e-02,8.805031446540879936e-02,4.574155653450731052e-01,3.739130434782609314e-01,1.290322580645161255e-01,3.214285714285713969e-01,0.000000000000000000e+00
5.520833333333332593e-01,3.750000000000000000e-01,2.564102564102563875e-01,6.965517241379309832e-01,9.711286089238842234e-02,1.690140845070422504e-01,2.767295597484277225e-01,8.392070484581637402e-01,2.608695652173915747e-01,1.870967741935483653e-01,1.428571428571427937e-01,0.000000000000000000e+00
3.333333333333333148e-01,2.159090909090909116e-01,5.897435897435897578e-01,1.862068965517241215e-01,1.154855643044619268e-01,1.971830985915492829e-01,1.949685534591195091e-01,5.308370044052850290e-01,4.260869565217393351e-01,2.967741935483871329e-01,7.857142857142860315e-01,1.000000000000000000e+00
4.479166666666665741e-01,2.727272727272727071e-01,5.512820512820512109e-01,1.034482758620689641e-01,8.923884514435696802e-02,3.943661971830986213e-01,2.515723270440251569e-01,3.105726872246634684e-01,2.956521739130435478e-01,1.290322580645161255e-01,6.785714285714283811e-01,0.000000000000000000e+00
3.645833333333332038e-01,2.159090909090909116e-01,4.230769230769230727e-01,1.034482758620689641e-01,1.102362204724409295e-01,1.408450704225352179e-01,2.578616352201257844e-01,4.346549192364079772e-01,3.565217391304349448e-01,2.645161290322581293e-01,4.642857142857144126e-01,0.000000000000000000e+00
5.833333333333334814e-01,1.250000000000000278e-01,7.179487179487179516e-01,3.448275862068965469e-02,3.412073490813646859e-02,2.816901408450703942e-02,1.257861635220125507e-02,3.406754772393583153e-01,2.608695652173915747e-01,7.096774193548388565e-02,6.071428571428572063e-01,0.000000000000000000e+00
3.437499999999999445e-01,6.306818181818181213e-01,2.820512820512820484e-01,9.655172413793101927e-02,1.076115485564304447e-01,1.690140845070422504e-01,4.716981132075471761e-01,5.000000000000000000e-01,3.304347826086959650e-01,9.032258064516129892e-02,1.964285714285713969e-01,0.000000000000000000e+00
5.833333333333334814e-01,4.204545454545455252e-01,6.153846153846153078e-01,1.103448275862069089e-01,7.611548556430446089e-02,7.042253521126760896e-02,1.194968553459119648e-01,7.143906020558006276e-01,2.260869565217391575e-01,1.225806451612903025e-01,1.607142857142858094e-01,0.000000000000000000e+00
5.729166666666665186e-01,2.272727272727272652e-01,8.205128205128204844e-01,1.379310344827586188e-01,2.309711286089238813e-01,1.267605633802816878e-01,2.201257861635220192e-01,5.822320117474362178e-01,3.217391304347825276e-01,1.677419354838710075e-01,7.321428571428572063e-01,0.000000000000000000e+00
2.291666666666666852e-01,4.318181818181818787e-01,3.846153846153845812e-01,8.965517241379310220e-02,1.417322834645669549e-01,1.126760563380281716e-01,6.226415094339623479e-01,5.271659324522772749e-01,3.391304347826085142e-01,5.032258064516128560e-01,3.750000000000000000e-01,0.000000000000000000e+00
3.645833333333332038e-01,5.397727272727272929e-01,1.282051282051281937e-01,8.275862068965518514e-02,1.023622047244094196e-01,3.380281690140845563e-01,3.396226415094339979e-01,4.632892804698940381e-01,3.739130434782609314e-01,2.258064516129032473e-01,4.464285714285716189e-01,0.000000000000000000e+00
7.395833333333334814e-01,2.500000000000000000e-01,7.051282051282051766e-01,8.275862068965518514e-02,9.711286089238842234e-02,5.633802816901408578e-02,8.176100628930817182e-02,6.262848751835576877e-01,2.173913043478261642e-01,1.419354838709677713e-01,4.285714285714288252e-01,0.000000000000000000e+00
5.520833333333332593e-01,1.136363636363636187e-01,6.923076923076922906e-01,6.896551724137929551e-02,1.286089238845144478e-01,5.774647887323943740e-01,4.276729559748427834e-01,3.259911894273130883e-01,1.043478260869563634e-01,1.483870967741935387e-01,6.071428571428572063e-01,1.000000000000000000e+00
3.854166666666666852e-01,1.704545454545454419e-01,3.717948717948717507e-01,1.517241379310345084e-01,4.199475065616796732e-01,1.830985915492957805e-01,1.257861635220126062e-01,3.883994126284875392e-01,3.130434782608695343e-01,2.451612903225806606e-01,6.428571428571427937e-01,0.000000000000000000e+00
4.791666666666666852e-01,2.272727272727272652e-01,5.000000000000000000e-01,4.137931034482758563e-02,1.207349081364829241e-01,5.633802816901408717e-01,3.081761006289308602e-01,4.735682819383271180e-01,5.304347826086956985e-01,2.129032258064516014e-01,4.464285714285716189e-01,0.000000000000000000e+00
2.395833333333333148e-01,5.568181818181818787e-01,2.564102564102564014e-02,8.275862068965518514e-02,8.398950131233597072e-02,9.859154929577465531e-02,1.194968553459119648e-01,5.234948604992695209e-01,5.304347826086956985e-01,1.741935483870968304e-01,1.964285714285713969e-01,0.000000000000000000e+00
4.270833333333333148e-01,1.590909090909090884e-01,4.871794871794871695e-01,9.655172413793101927e-02,6.824146981627295105e-02,2.535211267605634311e-01,4.150943396226415283e-01,3.935389133627040792e-01,4.608695652173913082e-01,2.064516129032258340e-01,6.071428571428572063e-01,0.000000000000000000e+00
3.333333333333333148e-01,4.772727272727271819e-01,2.948717948717948789e-01,9.655172413793101927e-02,1.102362204724409295e-01,3.098591549295774961e-01,5.534591194968553340e-01,4.985315712188054249e-01,3.043478260869565410e-01,1.161290322580644796e-01,1.964285714285713969e-01,0.000000000000000000e+00
4.999999999999999445e-01,2.386363636363636187e-01,6.666666666666666297e-01,7.586206896551724033e-02,1.417322834645669549e-01,1.549295774647887203e-01,2.830188679245283501e-01,4.449339207048410572e-01,3.739130434782609314e-01,1.161290322580644796e-01,4.821428571428572063e-01,0.000000000000000000e+00
2.395833333333333148e-01,2.272727272727272652e-01,2.692307692307692180e-01,1.034482758620689641e-01,1.364829396325459299e-01,3.239436619718309984e-01,3.962264150943396457e-01,4.030837004405327662e-01,4.695652173913043015e-01,8.387096774193547599e-02,3.035714285714286031e-01,0.000000000000000000e+00
6.354166666666667407e-01,1.818181818181818510e-01,5.641025641025640969e-01,4.827586206896551657e-02,7.611548556430446089e-02,2.112676056338028130e-01,1.949685534591195091e-01,6.189427312775421797e-01,3.130434782608695343e-01,2.451612903225806606e-01,2.857142857142858094e-01,0.000000000000000000e+00
4.270833333333333148e-01,5.113636363636363535e-01,2.435897435897435848e-01,2.137931034482758452e-01,1.574803149606299191e-01,4.084507042253521236e-01,3.962264150943396457e-01,5.726872246696075308e-01,3.130434782608695343e-01,6.451612903225806273e-02,2.857142857142858094e-01,0.000000000000000000e+00
1.562499999999999445e-01,2.272727272727272652e-01,3.076923076923076539e-01,8.965517241379310220e-02,1.601049868766404316e-01,2.535211267605634311e-01,2.264150943396226467e-01,3.325991189427384143e-01,6.173913043478260754e-01,1.096774193548386567e-01,5.892857142857144126e-01,0.000000000000000000e+00
2.916666666666665741e-01,4.659090909090908283e-01,2.564102564102564014e-02,1.172413793103448260e-01,1.128608923884514420e-01,1.408450704225352179e-01,1.823899371069182540e-01,4.038179148311371591e-01,4.347826086956518843e-01,1.419354838709677713e-01,4.285714285714288252e-01,0.000000000000000000e+00
5.520833333333332593e-01,4.886363636363636465e-01,3.974358974358974117e-01,8.965517241379310220e-02,1.469816272965879245e-01,3.521126760563380587e-01,3.522012578616352529e-01,6.850220264317243846e-01,2.782608695652175612e-01,1.483870967741935387e-01,3.214285714285713969e-01,0.000000000000000000e+00
3.124999999999999445e-01,4.772727272727271819e-01,1.282051282051281937e-01,6.206896551724137845e-02,1.784776902887138528e-01,3.802816901408451189e-01,6.477987421383648581e-01,4.096916299559438812e-01,1.913043478260871844e-01,5.806451612903223980e-02,2.500000000000002220e-01,0.000000000000000000e+00
2.604166666666666852e-01,2.500000000000000000e-01,3.846153846153845812e-01,6.206896551724137845e-02,1.023622047244094196e-01,4.225352112676056815e-01,4.025157232704402732e-01,4.977973568282010319e-01,4.869565217391302880e-01,1.225806451612903025e-01,1.964285714285713969e-01,0.000000000000000000e+00
1.354166666666666852e-01,4.772727272727271819e-01,2.564102564102563875e-01,1.034482758620689641e-01,1.076115485564304447e-01,1.971830985915492829e-01,2.767295597484277225e-01,3.377386196769549542e-01,6.260869565217390686e-01,1.741935483870968304e-01,7.321428571428572063e-01,0.000000000000000000e+00
1.770833333333333148e-01,2.272727272727272652e-01,6.794871794871795156e-01,8.965517241379310220e-02,5.144356955380577912e-01,2.535211267605634311e-01,1.823899371069182540e-01,2.444933920704812635e-01,4.434782608695653217e-01,3.419354838709677824e-01,7.142857142857144126e-01,0.000000000000000000e+00
6.041666666666667407e-01,2.613636363636363535e-01,5.897435897435897578e-01,8.965517241379310220e-02,1.076115485564304447e-01,1.830985915492957805e-01,1.320754716981132337e-01,4.339207048458177951e-01,1.739130434782607537e-01,2.838709677419354871e-01,5.357142857142860315e-01,0.000000000000000000e+00
