1.000000000000000000e+00,0.000000000000000000e+00,9.227700000000000902e-01,7.803999999999999826e-02,9.267900000000000027e-01,1.625099999999999878e-01,8.970200000000000395e-01,2.461800000000000099e-01,8.411100000000000243e-01,3.519700000000000051e-01,7.880099999999999882e-01,4.219600000000000573e-01,7.071600000000000108e-01,4.698300000000000254e-01,7.079600000000000337e-01,5.647600000000000398e-01,6.045899999999999608e-01,6.420000000000000151e-01,5.124699999999999811e-01,6.492399999999999283e-01,3.990299999999999958e-01,6.697499999999999565e-01,3.423199999999999577e-01,6.834299999999999820e-01,2.369300000000000295e-01,7.614600000000000257e-01,1.876500000000000112e-01,7.388500000000000068e-01,9.693999999999999839e-02,7.103800000000000114e-01,2.734999999999999931e-02,7.707199999999999607e-01,-4.023000000000000187e-02,6.950899999999999856e-01,0.000000000000000000e+00
1.000000000000000000e+00,0.000000000000000000e+00,6.153800000000000381e-01,1.892300000000000093e-01,7.815699999999999870e-01,1.779999999999999985e-02,7.748599999999999932e-01,2.647000000000000047e-02,6.507699999999999596e-01,-1.030799999999999911e-01,7.753800000000000692e-01,8.000000000000000167e-02,7.396099999999999897e-01,5.059999999999999915e-02,7.232199999999999740e-01,5.775999999999999884e-02,6.861500000000000377e-01,-8.922999999999998988e-02,6.169200000000000239e-01,1.630800000000000027e-01,6.623299999999999743e-01,7.572999999999999177e-02,6.387800000000000145e-01,8.040999999999999537e-02,6.015399999999999636e-01,-7.230999999999999928e-02,5.880300000000000527e-01,8.766999999999999793e-02,5.507699999999999818e-01,2.569199999999999817e-01,5.338899999999999757e-01,9.206999999999999906e-02,5.060899999999999288e-01,9.322000000000001119e-02,0.000000000000000000e+00
1.000000000000000000e+00,0.000000000000000000e+00,9.433099999999999818e-01,1.995900000000000174e-01,9.613200000000000633e-01,4.080300000000000038e-01,8.051399999999999668e-01,5.656899999999999151e-01,5.668699999999999850e-01,7.083000000000000407e-01,4.183600000000000096e-01,8.323000000000000398e-01,1.493900000000000228e-01,8.948899999999999633e-01,5.167000000000000759e-02,9.368200000000000971e-01,-2.474199999999999733e-01,8.393899999999999695e-01,-4.281100000000000461e-01,7.555399999999999894e-01,-5.025100000000000122e-01,6.256300000000000194e-01,-6.551500000000000101e-01,5.042800000000000615e-01,-6.885100000000000664e-01,3.091200000000000059e-01,-7.709699999999999331e-01,1.561899999999999955e-01,-7.540600000000000636e-01,-4.398999999999999438e-02,-7.519899999999999363e-01,-1.792099999999999804e-01,-6.693200000000000260e-01,-3.436699999999999755e-01,0.000000000000000000e+00
1.000000000000000000e+00,0.000000000000000000e+00,1.000000000000000000e+00,7.380000000000000449e-02,1.000000000000000000e+00,3.420000000000000123e-02,1.000000000000000000e+00,-5.562999999999999889e-02,1.000000000000000000e+00,8.763999999999999568e-02,1.000000000000000000e+00,1.965099999999999902e-01,1.000000000000000000e+00,2.032799999999999885e-01,1.000000000000000000e+00,1.278499999999999914e-01,1.000000000000000000e+00,1.056099999999999955e-01,1.000000000000000000e+00,2.708699999999999997e-01,1.000000000000000000e+00,4.475800000000000334e-01,1.000000000000000000e+00,4.174999999999999822e-01,1.000000000000000000e+00,2.003300000000000081e-01,1.000000000000000000e+00,3.674300000000000344e-01,9.560299999999999354e-01,4.864100000000000090e-01,1.000000000000000000e+00,3.249199999999999866e-01,1.000000000000000000e+00,4.671199999999999797e-01,0.000000000000000000e+00
1.000000000000000000e+00,0.000000000000000000e+00,6.212100000000000399e-01,-6.363600000000000367e-01,0.000000000000000000e+00,0.000000000000000000e+00,0.000000000000000000e+00,0.000000000000000000e+00,3.447000000000000064e-01,2.878800000000000248e-01,4.280300000000000216e-01,3.939400000000000124e-01,-7.576000000000000789e-02,5.189399999999999569e-01,3.636400000000000188e-01,3.143900000000000028e-01,-5.378800000000000248e-01,3.295500000000000096e-01,1.212099999999999844e-01,-1.477300000000000002e-01,1.894000000000000197e-02,-5.340899999999999537e-01,-5.757600000000000495e-01,1.780299999999999938e-01,2.916699999999999848e-01,-2.727300000000000280e-01,2.575800000000000312e-01,-5.757600000000000495e-01,4.318199999999999816e-01,2.424199999999999688e-01,1.818200000000000094e-01,-2.273000000000000020e-02,1.704499999999999904e-01,-4.166699999999999848e-01,1.000000000000000000e+00
1.000000000000000000e+00,0.000000000000000000e+00,-1.000000000000000000e+00,-1.000000000000000000e+00,1.000000000000000000e+00,1.000000000000000000e+00,1.000000000000000000e+00,-1.437499999999999889e-01,0.000000000000000000e+00,0.000000000000000000e+00,-1.000000000000000000e+00,1.000000000000000000e+00,1.000000000000000000e+00,1.000000000000000000e+00,1.791699999999999959e-01,-1.000000000000000000e+00,-1.000000000000000000e+00,-1.000000000000000000e+00,8.749999999999999445e-02,-1.000000000000000000e+00,1.000000000000000000e+00,-1.000000000000000000e+00,-1.000000000000000000e+00,1.000000000000000000e+00,-1.000000000000000000e+00,-1.000000000000000000e+00,1.000000000000000000e+00,-1.000000000000000000e+00,-1.000000000000000000e+00,-1.000000000000000000e+00,1.000000000000000000e+00,1.000000000000000000e+00,0.000000000000000000e+00,0.000000000000000000e+00,1.000000000000000000e+00
1.000000000000000000e+00,0.000000000000000000e+00,1.000000000000000000e+00,-6.120000000000000440e-03,1.000000000000000000e+00,-9.833999999999999686e-02,1.000000000000000000e+00,-7.649000000000000243e-02,1.000000000000000000e+00,-1.060500000000000054e-01,1.000000000000000000e+00,-1.107299999999999951e-01,1.000000000000000000e+00,-3.948900000000000188e-01,1.000000000000000000e+00,-1.561599999999999933e-01,9.212399999999999478e-01,-3.188400000000000123e-01,8.647299999999998876e-01,-3.453400000000000358e-01,9.169299999999999118e-01,-4.407200000000000006e-01,9.606000000000000094e-01,-4.686600000000000210e-01,8.187399999999999123e-01,-4.037199999999999678e-01,8.268100000000000449e-01,-4.223100000000000187e-01,7.578399999999999581e-01,-3.823099999999999832e-01,8.044799999999999729e-01,-4.057499999999999996e-01,7.435399999999999787e-01,-4.503899999999999570e-01,0.000000000000000000e+00
1.000000000000000000e+00,0.000000000000000000e+00,4.986999999999999766e-01,1.818000000000000171e-02,4.311699999999999977e-01,-9.610000000000000486e-02,5.064899999999999958e-01,-4.155999999999999972e-02,5.012999999999999678e-01,9.610000000000000486e-02,4.467499999999999805e-01,5.973999999999999450e-02,5.584399999999999364e-01,-1.194799999999999890e-01,5.168800000000000061e-01,-3.636000000000000343e-02,5.272700000000000164e-01,-5.973999999999999450e-02,5.532500000000000195e-01,-1.038999999999999993e-02,4.857100000000000306e-01,-3.377000000000000141e-02,4.909100000000000130e-01,-1.038999999999999993e-02,5.922100000000000142e-01,0.000000000000000000e+00,5.321500000000000119e-01,-3.280000000000000276e-02,4.311699999999999977e-01,3.377000000000000141e-02,5.454499999999999904e-01,-5.455000000000000127e-02,5.896100000000000785e-01,-8.571000000000000840e-02,0.000000000000000000e+00
1.000000000000000000e+00,0.000000000000000000e+00,-1.000000000000000000e+00,2.810500000000000220e-01,2.222199999999999731e-01,1.503299999999999914e-01,-7.569299999999999917e-01,-7.098399999999999155e-01,-3.071900000000000186e-01,7.124199999999999422e-01,-1.000000000000000000e+00,1.000000000000000000e+00,-8.169899999999999940e-01,3.398700000000000054e-01,-7.908500000000000529e-01,-2.613999999999999657e-02,-9.803899999999999837e-01,-8.300700000000000855e-01,-6.013100000000000112e-01,-5.424800000000000733e-01,-4.574999999999999900e-02,-8.300700000000000855e-01,9.411799999999999056e-01,-9.411799999999999056e-01,-1.000000000000000000e+00,-4.313699999999999757e-01,7.438500000000000112e-01,9.176000000000000822e-02,-1.000000000000000000e+00,5.228999999999999621e-02,1.830099999999999782e-01,2.613999999999999657e-02,-4.020099999999999785e-01,-4.824100000000000610e-01,1.000000000000000000e+00
1.000000000000000000e+00,0.000000000000000000e+00,1.946599999999999997e-01,5.725000000000000228e-02,4.198000000000000342e-02,2.519099999999999673e-01,-1.055700000000000111e-01,4.886600000000000388e-01,-1.832099999999999840e-01,-1.832099999999999840e-01,-4.198500000000000010e-01,6.107000000000000622e-02,-4.541999999999999926e-01,9.160000000000000087e-02,-1.641200000000000159e-01,-3.053400000000000003e-01,-1.030500000000000027e-01,-3.969500000000000250e-01,1.870199999999999918e-01,-1.755700000000000038e-01,3.401199999999999779e-01,-1.195299999999999974e-01,2.862600000000000144e-01,-1.603099999999999803e-01,2.164500000000000035e-01,2.469199999999999728e-01,3.912999999999999812e-02,3.109199999999999742e-01,-3.816999999999999560e-02,2.633599999999999830e-01,-1.679400000000000059e-01,1.679400000000000059e-01,-3.015300000000000202e-01,-3.358800000000000119e-01,0.000000000000000000e+00
1.000000000000000000e+00,0.000000000000000000e+00,5.254199999999999982e-01,-3.389999999999999958e-02,9.491500000000000492e-01,8.475000000000000588e-02,5.254199999999999982e-01,-1.694900000000000018e-01,3.050800000000000178e-01,-1.694999999999999979e-02,5.084699999999999775e-01,-1.355900000000000161e-01,6.440700000000000314e-01,2.881400000000000072e-01,8.305100000000000815e-01,-3.559300000000000241e-01,5.423700000000000188e-01,1.694999999999999979e-02,5.593199999999999283e-01,3.389999999999999958e-02,5.932199999999999696e-01,3.050800000000000178e-01,8.644100000000000117e-01,5.084999999999999937e-02,4.067800000000000304e-01,1.525400000000000089e-01,6.728699999999999681e-01,-2.660000000000000038e-03,6.610199999999999410e-01,-3.389999999999999958e-02,8.305100000000000815e-01,-1.525400000000000089e-01,7.627099999999999991e-01,-1.016900000000000026e-01,0.000000000000000000e+00
1.000000000000000000e+00,0.000000000000000000e+00,1.000000000000000000e+00,4.545500000000000096e-01,1.000000000000000000e+00,5.454499999999999904e-01,8.181800000000000184e-01,6.363600000000000367e-01,1.000000000000000000e+00,-9.091000000000000469e-02,1.000000000000000000e+00,0.000000000000000000e+00,8.181800000000000184e-01,-4.545500000000000096e-01,6.363600000000000367e-01,2.727300000000000280e-01,1.000000000000000000e+00,-6.363600000000000367e-01,1.000000000000000000e+00,-2.727300000000000280e-01,9.090899999999999537e-01,-4.545500000000000096e-01,1.000000000000000000e+00,7.749999999999999944e-02,1.000000000000000000e+00,-9.091000000000000469e-02,1.000000000000000000e+00,8.866999999999999882e-02,1.000000000000000000e+00,3.636400000000000188e-01,1.000000000000000000e+00,6.363600000000000367e-01,7.272699999999999720e-01,2.727300000000000280e-01,0.000000000000000000e+00
1.000000000000000000e+00,0.000000000000000000e+00,7.241400000000000059e-01,-1.084000000000000068e-02,7.970399999999999707e-01,1.084000000000000068e-02,8.000000000000000444e-01,1.969999999999999963e-03,7.901500000000000190e-01,1.084000000000000068e-02,7.842399999999999372e-01,-9.849999999999999381e-03,8.335000000000000187e-01,3.251000000000000417e-02,8.512299999999999311e-01,1.675000000000000100e-02,8.009899999999999798e-01,-7.879999999999999852e-03,7.911299999999999999e-01,-2.956000000000000294e-02,7.596100000000000074e-01,3.350000000000000200e-02,7.477800000000000002e-01,5.517000000000000376e-02,7.261100000000000332e-01,-1.478000000000000147e-02,7.804100000000000481e-01,6.120000000000000440e-03,7.408899999999999375e-01,-5.025000000000000300e-02,8.295600000000000751e-01,2.956000000000000294e-02,7.901500000000000190e-01,7.879999999999999852e-03,0.000000000000000000e+00
1.000000000000000000e+00,0.000000000000000000e+00,9.224700000000001232e-01,-1.944799999999999862e-01,9.641899999999999915e-01,-1.767400000000000082e-01,8.702400000000000135e-01,-2.260199999999999709e-01,8.170199999999999685e-01,-2.706999999999999962e-01,7.927100000000000257e-01,-2.890900000000000136e-01,7.030199999999999783e-01,-4.963899999999999424e-01,6.333800000000000541e-01,-4.996700000000000030e-01,3.725399999999999823e-01,-7.072899999999999743e-01,2.706999999999999962e-01,-7.210900000000000087e-01,4.050599999999999756e-01,-5.417199999999999793e-01,3.350899999999999990e-01,-5.969100000000000517e-01,1.474999999999999922e-01,-6.360100000000000753e-01,9.312000000000000832e-02,-5.958899999999999197e-01,-7.162000000000000310e-02,-5.492799999999999905e-01,-1.839999999999999969e-02,-5.407399999999999984e-01,-7.457000000000001128e-02,-4.789800000000000169e-01,0.000000000000000000e+00
1.000000000000000000e+00,0.000000000000000000e+00,8.378899999999999126e-01,4.290399999999999769e-01,7.211300000000000487e-01,5.838499999999999801e-01,4.562499999999999889e-01,7.811500000000000110e-01,1.647000000000000131e-01,8.273200000000000554e-01,-1.301200000000000134e-01,8.694700000000000761e-01,-4.617699999999999583e-01,7.849699999999999456e-01,-5.943500000000000449e-01,5.207000000000000517e-01,-7.846999999999999531e-01,2.652900000000000258e-01,-8.401399999999999979e-01,3.928000000000000241e-02,-6.204100000000000170e-01,-3.135100000000000109e-01,-4.741199999999999859e-01,-4.890499999999999847e-01,-3.729800000000000337e-01,-6.779600000000000071e-01,-5.053999999999999465e-02,-6.269100000000000783e-01,1.469000000000000028e-01,-4.591100000000000181e-01,3.709300000000000375e-01,-3.916699999999999626e-01,4.831899999999999529e-01,-2.431300000000000128e-01,0.000000000000000000e+00
1.000000000000000000e+00,0.000000000000000000e+00,8.704799999999999205e-01,3.802699999999999969e-01,6.409899999999999487e-01,6.921199999999999575e-01,3.134699999999999709e-01,8.662499999999999645e-01,-3.933000000000000385e-02,9.073999999999999844e-01,-4.217299999999999938e-01,7.934600000000000541e-01,-7.056100000000000705e-01,5.155999999999999472e-01,-8.104899999999999327e-01,2.273499999999999965e-01,-8.113600000000000811e-01,-1.253900000000000015e-01,-6.747400000000000064e-01,-3.810199999999999698e-01,-3.833400000000000141e-01,-6.286100000000000021e-01,-1.301299999999999957e-01,-7.076200000000000268e-01,1.555199999999999916e-01,-6.642100000000000781e-01,3.854400000000000048e-01,-5.156800000000000272e-01,5.257300000000000306e-01,-2.989699999999999580e-01,5.623899999999999455e-01,-5.937999999999999529e-02,5.145999999999999464e-01,1.664499999999999869e-01,0.000000000000000000e+00
1.000000000000000000e+00,0.000000000000000000e+00,0.000000000000000000e+00,0.000000000000000000e+00,0.000000000000000000e+00,0.000000000000000000e+00,0.000000000000000000e+00,0.000000000000000000e+00,0.000000000000000000e+00,0.000000000000000000e+00,6.219500000000000028e-01,1.000000000000000000e+00,0.000000000000000000e+00,0.000000000000000000e+00,0.000000000000000000e+00,0.000000000000000000e+00,3.658500000000000085e-01,-7.195099999999999829e-01,5.609800000000000342e-01,-1.000000000000000000e+00,0.000000000000000000e+00,0.000000000000000000e+00,0.000000000000000000e+00,0.000000000000000000e+00,0.000000000000000000e+00,0.000000000000000000e+00,1.000000000000000000e+00,1.097599999999999965e-01,0.000000000000000000e+00,0.000000000000000000e+00,0.000000000000000000e+00,0.000000000000000000e+00,0.000000000000000000e+00,0.000000000000000000e+00,1.000000000000000000e+00
1.000000000000000000e+00,0.000000000000000000e+00,8.824100000000000277e-01,3.063400000000000012e-01,7.323199999999999710e-01,5.781600000000000072e-01,3.410900000000000043e-01,5.852699999999999569e-01,5.717000000000000554e-02,1.000000000000000000e+00,-9.237999999999998990e-02,9.211799999999998878e-01,-6.240299999999999736e-01,7.199600000000000444e-01,-6.976700000000000124e-01,3.255800000000000360e-01,-8.142199999999999438e-01,4.119499999999999829e-01,-1.000000000000000000e+00,-7.749999999999999944e-03,-7.897300000000000431e-01,-4.108499999999999930e-01,-7.690100000000000824e-01,-4.547800000000000176e-01,-5.724199999999999289e-01,-6.760500000000000398e-01,-3.160999999999999921e-01,-8.187600000000000433e-01,-2.978999999999999704e-02,-8.684100000000000152e-01,2.539199999999999791e-01,-8.212700000000000555e-01,1.939999999999999884e-03,-8.168600000000000305e-01,0.000000000000000000e+00
1.000000000000000000e+00,0.000000000000000000e+00,9.465299999999999825e-01,2.871299999999999963e-01,7.255399999999999627e-01,6.724799999999999667e-01,4.756399999999999517e-01,8.245500000000000052e-01,1.267000000000000071e-02,8.910899999999999377e-01,-2.487099999999999866e-01,8.447500000000000009e-01,-4.764399999999999746e-01,5.607900000000000107e-01,-7.588099999999999845e-01,4.174300000000000233e-01,-6.645499999999999741e-01,7.207999999999999130e-02,-6.542600000000000637e-01,-1.952500000000000069e-01,-5.247500000000000497e-01,-4.400000000000000022e-01,-3.085100000000000064e-01,-5.508899999999999908e-01,-4.118999999999999745e-02,-6.479199999999999404e-01,1.608499999999999930e-01,-5.642000000000000348e-01,3.675199999999999578e-01,-4.190100000000000491e-01,4.605899999999999439e-01,-2.253499999999999948e-01,5.037599999999999856e-01,-5.979999999999999899e-02,0.000000000000000000e+00
0.000000000000000000e+00,0.000000000000000000e+00,1.000000000000000000e+00,-1.000000000000000000e+00,1.000000000000000000e+00,1.000000000000000000e+00,1.000000000000000000e+00,1.000000000000000000e+00,1.000000000000000000e+00,1.000000000000000000e+00,1.000000000000000000e+00,1.000000000000000000e+00,1.000000000000000000e+00,-1.000000000000000000e+00,1.000000000000000000e+00,1.000000000000000000e+00,1.000000000000000000e+00,1.000000000000000000e+00,1.000000000000000000e+00,-1.000000000000000000e+00,1.000000000000000000e+00,-1.000000000000000000e+00,1.000000000000000000e+00,-1.000000000000000000e+00,1.000000000000000000e+00,-1.000000000000000000e+00,1.000000000000000000e+00,1.000000000000000000e+00,1.000000000000000000e+00,-1.000000000000000000e+00,1.000000000000000000e+00,1.000000000000000000e+00,1.000000000000000000e+00,1.000000000000000000e+00,1.000000000000000000e+00
0.000000000000000000e+00,0.000000000000000000e+00,0.000000000000000000e+00,0.000000000000000000e+00,0.000000000000000000e+00,0.000000000000000000e+00,0.000000000000000000e+00,0.000000000000000000e+00,0.000000000000000000e+00,0.000000000000000000e+00,0.000000000000000000e+00,0.000000000000000000e+00,1.000000000000000000e+00,1.000000000000000000e+00,1.000000000000000000e+00,1.000000000000000000e+00,1.000000000000000000e+00,-1.000000000000000000e+00,0.000000000000000000e+00,0.000000000000000000e+00,1.000000000000000000e+00,1.000000000000000000e+00,1.000000000000000000e+00,-1.000000000000000000e+00,1.000000000000000000e+00,1.000000000000000000e+00,1.000000000000000000e+00,0.000000000000000000e+00,1.000000000000000000e+00,1.000000000000000000e+00,1.000000000000000000e+00,-1.000000000000000000e+00,0.000000000000000000e+00,0.000000000000000000e+00,1.000000000000000000e+00
1.000000000000000000e+00,0.000000000000000000e+00,1.000000000000000000e+00,4.545500000000000096e-01,1.000000000000000000e+00,-4.545500000000000096e-01,1.000000000000000000e+00,9.091000000000000469e-02,1.000000000000000000e+00,-9.091000000000000469e-02,1.000000000000000000e+00,0.000000000000000000e+00,1.000000000000000000e+00,-2.727300000000000280e-01,1.000000000000000000e+00,-1.818200000000000094e-01,1.000000000000000000e+00,9.091000000000000469e-02,1.000000000000000000e+00,0.000000000000000000e+00,1.000000000000000000e+00,-3.636400000000000188e-01,1.000000000000000000e+00,9.091000000000000469e-02,1.000000000000000000e+00,-9.091000000000000469e-02,1.000000000000000000e+00,-4.913999999999999618e-02,1.000000000000000000e+00,4.545500000000000096e-01,1.000000000000000000e+00,-2.727300000000000280e-01,1.000000000000000000e+00,-1.818200000000000094e-01,0.000000000000000000e+00
0.000000000000000000e+00,0.000000000000000000e+00,1.000000000000000000e+00,1.000000000000000000e+00,0.000000000000000000e+00,0.000000000000000000e+00,0.000000000000000000e+00,0.000000000000000000e+00,-1.000000000000000000e+00,-1.000000000000000000e+00,0.000000000000000000e+00,0.000000000000000000e+00,0.000000000000000000e+00,0.000000000000000000e+00,-1.000000000000000000e+00,-1.000000000000000000e+00,-1.000000000000000000e+00,-1.000000000000000000e+00,-1.000000000000000000e+00,1.000000000000000000e+00,-1.000000000000000000e+00,1.000000000000000000e+00,0.000000000000000000e+00,0.000000000000000000e+00,0.000000000000000000e+00,0.000000000000000000e+00,1.000000000000000000e+00,-1.000000000000000000e+00,-1.000000000000000000e+00,1.000000000000000000e+00,-1.000000000000000000e+00,1.000000000000000000e+00,-1.000000000000000000e+00,1.000000000000000000e+00,1.000000000000000000e+00
1.000000000000000000e+00,0.000000000000000000e+00,1.000000000000000000e+00,-1.000000000000000000e+00,1.000000000000000000e+00,1.000000000000000000e+00,1.000000000000000000e+00,1.000000000000000000e+00,1.000000000000000000e+00,-5.000000000000000000e-01,1.000000000000000000e+00,1.000000000000000000e+00,1.000000000000000000e+00,1.000000000000000000e+00,1.000000000000000000e+00,1.000000000000000000e+00,0.000000000000000000e+00,0.000000000000000000e+00,1.000000000000000000e+00,1.000000000000000000e+00,1.000000000000000000e+00,1.000000000000000000e+00,1.000000000000000000e+00,-1.000000000000000000e+00,1.000000000000000000e+00,1.000000000000000000e+00,1.000000000000000000e+00,6.250000000000000000e-01,1.000000000000000000e+00,-7.500000000000000000e-01,-7.500000000000000000e-01,1.000000000000000000e+00,1.000000000000000000e+00,1.000000000000000000e+00,1.000000000000000000e+00
1.000000000000000000e+00,0.000000000000000000e+00,7.446800000000000086e-01,1.063800000000000023e-01,8.870600000000000707e-01,9.820000000000000603e-03,8.854200000000000959e-01,1.470999999999999912e-02,8.723400000000000043e-01,-1.418000000000000163e-02,7.305000000000000382e-01,1.063800000000000023e-01,8.765700000000000713e-01,2.912000000000000005e-02,8.723499999999999588e-01,3.381999999999999590e-02,9.574500000000000233e-01,7.800999999999999601e-02,9.503500000000000281e-01,4.254999999999999755e-02,8.559700000000001197e-01,4.742999999999999994e-02,8.493100000000000094e-01,5.177999999999999270e-02,8.723400000000000043e-01,1.134799999999999975e-01,8.342899999999999761e-01,6.013999999999999901e-02,7.446800000000000086e-01,-3.546000000000000540e-02,8.171000000000000485e-01,6.800000000000000488e-02,8.077400000000000135e-01,7.173000000000000209e-02,0.000000000000000000e+00
0.000000000000000000e+00,0.000000000000000000e+00,-1.000000000000000000e+00,1.000000000000000000e+00,1.000000000000000000e+00,-1.000000000000000000e+00,0.000000000000000000e+00,0.000000000000000000e+00,0.000000000000000000e+00,0.000000000000000000e+00,1.000000000000000000e+00,-1.000000000000000000e+00,1.000000000000000000e+00,1.000000000000000000e+00,0.000000000000000000e+00,0.000000000000000000e+00,1.000000000000000000e+00,-1.000000000000000000e+00,0.000000000000000000e+00,0.000000000000000000e+00,0.000000000000000000e+00,0.000000000000000000e+00,1.000000000000000000e+00,1.000000000000000000e+00,-1.000000000000000000e+00,1.000000000000000000e+00,1.000000000000000000e+00,-1.000000000000000000e+00,-1.000000000000000000e+00,1.000000000000000000e+00,-1.000000000000000000e+00,-1.000000000000000000e+00,0.000000000000000000e+00,0.000000000000000000e+00,1.000000000000000000e+00
1.000000000000000000e+00,0.000000000000000000e+00,5.754000000000000226e-01,-3.175000000000000044e-02,7.519799999999999818e-01,-5.357000000000000650e-02,6.150800000000000711e-01,-1.190000000000000085e-02,5.396800000000000486e-01,3.373000000000000304e-02,6.170600000000000529e-01,9.921000000000000651e-02,5.912699999999999623e-01,-2.380999999999999783e-02,6.269799999999999818e-01,1.190000000000000085e-02,7.083300000000000152e-01,2.578999999999999695e-02,6.031699999999999839e-01,1.586999999999999869e-02,4.781699999999999839e-01,-2.778000000000000261e-02,5.912699999999999623e-01,3.769999999999999740e-02,5.000000000000000000e-01,3.967999999999999999e-02,6.129100000000000659e-01,-1.237000000000000079e-02,6.170600000000000529e-01,-1.349200000000000121e-01,6.884899999999999354e-01,-1.389000000000000130e-02,6.250000000000000000e-01,-3.175000000000000044e-02,0.000000000000000000e+00
1.000000000000000000e+00,0.000000000000000000e+00,0.000000000000000000e+00,0.000000000000000000e+00,1.000000000000000000e+00,5.172399999999999221e-01,0.000000000000000000e+00,0.000000000000000000e+00,1.099099999999999938e-01,-1.000000000000000000e+00,0.000000000000000000e+00,0.000000000000000000e+00,0.000000000000000000e+00,0.000000000000000000e+00,-1.000000000000000000e+00,-2.241400000000000059e-01,-5.571099999999999941e-01,-8.329700000000000992e-01,7.693999999999999728e-01,6.314699999999999758e-01,0.000000000000000000e+00,0.000000000000000000e+00,5.344800000000000662e-01,3.566799999999999971e-01,-9.030200000000000449e-01,4.482800000000000118e-01,1.000000000000000000e+00,-1.000000000000000000e+00,-1.000000000000000000e+00,8.157300000000000662e-01,0.000000000000000000e+00,0.000000000000000000e+00,0.000000000000000000e+00,0.000000000000000000e+00,1.000000000000000000e+00
1.000000000000000000e+00,0.000000000000000000e+00,4.951499999999999790e-01,9.708999999999999575e-02,2.961199999999999943e-01,5.825000000000000316e-02,3.495099999999999874e-01,0.000000000000000000e+00,5.728199999999999958e-01,-2.426999999999999991e-02,5.825199999999999267e-01,2.426999999999999991e-02,3.349500000000000255e-01,4.853999999999999981e-02,5.242700000000000138e-01,4.850000000000000144e-03,4.708699999999999553e-01,-1.068000000000000060e-01,4.320399999999999796e-01,4.850000000000000144e-03,3.495099999999999874e-01,5.825000000000000316e-02,1.893200000000000160e-01,2.572800000000000087e-01,3.106800000000000117e-01,-1.504900000000000126e-01,3.654699999999999616e-01,3.815000000000000335e-02,3.931999999999999940e-01,1.747599999999999987e-01,2.621399999999999841e-01,0.000000000000000000e+00,3.737900000000000111e-01,-1.941999999999999976e-02,0.000000000000000000e+00
1.000000000000000000e+00,0.000000000000000000e+00,3.333300000000000152e-01,-2.500000000000000000e-01,4.444399999999999462e-01,2.222199999999999731e-01,3.888900000000000134e-01,1.666700000000000126e-01,4.166699999999999848e-01,1.388900000000000134e-01,5.000000000000000000e-01,-1.111099999999999866e-01,5.491099999999999870e-01,-8.442999999999999117e-02,5.833300000000000152e-01,3.333300000000000152e-01,5.555600000000000538e-01,2.778000000000000261e-02,2.500000000000000000e-01,-1.944400000000000017e-01,4.722199999999999731e-01,-5.556000000000000522e-02,5.277800000000000269e-01,-2.778000000000000261e-02,3.888900000000000134e-01,8.333000000000000129e-02,4.154300000000000215e-01,-1.425599999999999923e-01,1.944400000000000017e-01,-1.388900000000000134e-01,3.692400000000000126e-01,-1.480899999999999994e-01,8.333000000000000129e-02,-5.000000000000000000e-01,0.000000000000000000e+00
1.000000000000000000e+00,0.000000000000000000e+00,9.365799999999999681e-01,3.510699999999999932e-01,7.525399999999999867e-01,6.563999999999999835e-01,4.557100000000000595e-01,8.857599999999999918e-01,1.532300000000000051e-01,9.577600000000000557e-01,-2.177499999999999991e-01,9.630100000000000326e-01,-5.653500000000000192e-01,8.339700000000001001e-01,-7.875100000000000433e-01,5.804500000000000215e-01,-9.310399999999999787e-01,2.601999999999999869e-01,-9.364100000000000756e-01,-6.418000000000000094e-02,-8.702799999999999425e-01,-4.094900000000000206e-01,-6.507899999999999796e-01,-6.746400000000000174e-01,-3.679899999999999838e-01,-8.495099999999999874e-01,-4.578000000000000125e-02,-9.122100000000000763e-01,2.732999999999999874e-01,-8.576200000000000490e-01,5.482700000000000351e-01,-6.961300000000000265e-01,7.482800000000000562e-01,-4.417300000000000115e-01,0.000000000000000000e+00
1.000000000000000000e+00,0.000000000000000000e+00,2.531599999999999961e-01,3.594900000000000317e-01,0.000000000000000000e+00,0.000000000000000000e+00,-2.962000000000000188e-01,-1.000000000000000000e+00,0.000000000000000000e+00,0.000000000000000000e+00,7.595000000000000362e-02,-7.341999999999999915e-02,0.000000000000000000e+00,0.000000000000000000e+00,0.000000000000000000e+00,0.000000000000000000e+00,0.000000000000000000e+00,0.000000000000000000e+00,0.000000000000000000e+00,0.000000000000000000e+00,7.590000000000000392e-03,6.810100000000000042e-01,-2.000000000000000111e-01,3.367100000000000093e-01,-1.038000000000000034e-01,3.569599999999999995e-01,5.569999999999999951e-02,-1.000000000000000000e+00,0.000000000000000000e+00,0.000000000000000000e+00,6.328999999999999904e-02,-1.000000000000000000e+00,0.000000000000000000e+00,0.000000000000000000e+00,1.000000000000000000e+00
1.000000000000000000e+00,0.000000000000000000e+00,8.970600000000000795e-01,3.823500000000000232e-01,9.117600000000000149e-01,3.750000000000000000e-01,7.426500000000000323e-01,6.764700000000000157e-01,4.558800000000000074e-01,7.794100000000000472e-01,1.911799999999999888e-01,8.897100000000000009e-01,-2.205999999999999975e-02,8.602899999999999991e-01,-2.058800000000000074e-01,8.235299999999998732e-01,-3.750000000000000000e-01,6.764700000000000157e-01,-5.000000000000000000e-01,4.779399999999999760e-01,-7.352899999999999991e-01,3.823500000000000232e-01,-8.602899999999999991e-01,8.823999999999999899e-02,-7.426500000000000323e-01,-1.250000000000000000e-01,-6.792500000000000204e-01,-2.413099999999999967e-01,-5.514700000000000157e-01,-4.264699999999999602e-01,-4.411800000000000166e-01,-5.073499999999999677e-01,-2.867600000000000149e-01,-5.661800000000000166e-01,0.000000000000000000e+00
1.000000000000000000e+00,0.000000000000000000e+00,5.046599999999999975e-01,-1.689999999999999836e-01,7.144199999999999440e-01,1.513000000000000109e-02,7.106299999999999839e-01,2.258000000000000285e-02,6.806499999999999773e-01,1.281999999999999806e-02,3.461500000000000132e-01,5.593999999999999667e-02,6.905000000000000027e-01,4.393000000000000377e-02,6.810100000000000042e-01,5.057999999999999996e-02,6.702299999999999924e-01,5.692000000000000531e-02,6.340299999999999825e-01,-4.662000000000000172e-02,6.450299999999999923e-01,6.855999999999999595e-02,6.307699999999999418e-01,7.381000000000000061e-02,8.403299999999999104e-01,1.806500000000000050e-01,5.993500000000000494e-01,8.304000000000000270e-02,3.822800000000000087e-01,6.759999999999999343e-02,5.646600000000000508e-01,9.045999999999999874e-02,5.463200000000000278e-01,9.346000000000000141e-02,0.000000000000000000e+00
1.000000000000000000e+00,0.000000000000000000e+00,9.433299999999998908e-01,3.857400000000000273e-01,4.826300000000000034e-01,6.453399999999999137e-01,2.157199999999999951e-01,7.751399999999999402e-01,-5.594100000000000739e-01,6.489899999999999558e-01,-7.367500000000000160e-01,4.204800000000000204e-01,-7.605100000000000193e-01,0.000000000000000000e+00,-6.270600000000000618e-01,-3.107900000000000107e-01,-3.839099999999999735e-01,-6.215699999999999559e-01,-1.279700000000000004e-01,-6.928699999999999859e-01,4.990899999999999781e-01,-6.361999999999999877e-01,7.148100000000000565e-01,-3.765999999999999903e-01,7.385699999999999488e-01,-5.483999999999999986e-02,6.009800000000000697e-01,3.038399999999999990e-01,4.552100000000000590e-01,6.051199999999999912e-01,2.741999999999999993e-02,5.447899999999999965e-01,-2.157199999999999951e-01,5.045699999999999630e-01,0.000000000000000000e+00
1.000000000000000000e+00,0.000000000000000000e+00,0.000000000000000000e+00,0.000000000000000000e+00,0.000000000000000000e+00,0.000000000000000000e+00,1.000000000000000000e+00,1.000000000000000000e+00,-1.000000000000000000e+00,-1.000000000000000000e+00,0.000000000000000000e+00,0.000000000000000000e+00,1.000000000000000000e+00,-1.111099999999999866e-01,0.000000000000000000e+00,0.000000000000000000e+00,0.000000000000000000e+00,0.000000000000000000e+00,-1.000000000000000000e+00,1.000000000000000000e+00,1.000000000000000000e+00,1.000000000000000000e+00,1.000000000000000000e+00,-1.000000000000000000e+00,0.000000000000000000e+00,0.000000000000000000e+00,1.000000000000000000e+00,-1.000000000000000000e+00,0.000000000000000000e+00,0.000000000000000000e+00,0.000000000000000000e+00,0.000000000000000000e+00,1.000000000000000000e+00,1.000000000000000000e+00,1.000000000000000000e+00
1.000000000000000000e+00,0.000000000000000000e+00,6.067799999999999860e-01,-2.711999999999999827e-02,6.711899999999999533e-01,4.068000000000000088e-02,5.288100000000000023e-01,-4.406999999999999806e-02,5.050799999999999734e-01,3.728999999999999676e-02,7.050800000000000400e-01,-7.796999999999999764e-02,5.796600000000000641e-01,-2.034000000000000044e-02,5.322000000000000064e-01,7.796999999999999764e-02,6.406800000000000272e-01,1.186400000000000093e-01,5.694899999999999407e-01,-2.373000000000000109e-02,5.322000000000000064e-01,6.779999999999999569e-03,7.152500000000000524e-01,-3.389999999999999958e-02,5.288100000000000023e-01,-3.389999999999999958e-02,5.726200000000000179e-01,7.499999999999999722e-03,5.864399999999999613e-01,-3.389999999999999784e-03,5.898299999999999654e-01,-2.711999999999999827e-02,5.016899999999999693e-01,6.779999999999999916e-02,0.000000000000000000e+00
1.000000000000000000e+00,0.000000000000000000e+00,1.000000000000000000e+00,2.305800000000000072e-01,1.000000000000000000e+00,-7.850899999999999546e-01,1.000000000000000000e+00,-1.040099999999999913e-01,1.000000000000000000e+00,1.541399999999999992e-01,1.000000000000000000e+00,2.782000000000000028e-01,9.811999999999999611e-01,-6.861000000000000432e-02,1.000000000000000000e+00,6.610000000000000597e-02,9.580200000000000937e-01,-1.895400000000000140e-01,8.358399999999999164e-01,-1.563299999999999967e-01,9.740000000000000879e-01,3.728000000000000064e-02,9.962400000000000144e-01,9.242000000000000215e-02,1.000000000000000000e+00,-1.252999999999999947e-02,9.623799999999999022e-01,-4.596999999999999698e-02,9.116499999999999604e-01,3.885000000000000259e-02,1.000000000000000000e+00,-1.372200000000000086e-01,9.652299999999999214e-01,-1.171700000000000103e-01,0.000000000000000000e+00
1.000000000000000000e+00,0.000000000000000000e+00,1.000000000000000000e+00,9.771000000000000518e-02,1.000000000000000000e+00,1.219700000000000090e-01,1.000000000000000000e+00,2.257399999999999962e-01,9.860200000000001186e-01,9.237000000000000766e-02,9.493000000000000327e-01,1.921100000000000030e-01,9.299200000000000799e-01,2.428800000000000125e-01,8.924100000000000366e-01,2.834300000000000153e-01,8.552899999999999947e-01,2.672100000000000031e-01,8.365600000000000813e-01,3.312900000000000289e-01,8.339299999999999491e-01,3.169800000000000395e-01,7.482900000000000107e-01,3.959699999999999886e-01,7.619299999999999962e-01,3.465799999999999992e-01,6.845200000000000173e-01,4.274600000000000621e-01,6.276399999999999757e-01,4.603100000000000525e-01,5.679100000000000259e-01,4.703300000000000258e-01,5.425200000000000022e-01,5.090299999999999825e-01,0.000000000000000000e+00
1.000000000000000000e+00,0.000000000000000000e+00,9.353700000000000347e-01,1.364499999999999880e-01,9.371599999999999930e-01,2.535899999999999821e-01,8.570499999999999785e-01,3.877900000000000236e-01,7.903899999999999260e-01,4.712699999999999667e-01,7.235199999999999410e-01,5.994199999999999529e-01,6.525999999999999579e-01,7.500000000000000000e-01,5.082999999999999741e-01,7.358600000000000696e-01,4.162899999999999379e-01,8.274200000000000443e-01,2.553900000000000059e-01,8.595200000000000617e-01,1.371199999999999919e-01,8.561499999999999666e-01,4.939999999999999947e-03,8.886899999999999800e-01,-7.361000000000000876e-02,7.977999999999999536e-01,-2.099499999999999977e-01,7.800399999999999556e-01,-3.316899999999999848e-01,7.145399999999999530e-01,-3.853199999999999958e-01,6.436300000000000354e-01,-4.741899999999999449e-01,5.583500000000000130e-01,0.000000000000000000e+00
1.000000000000000000e+00,0.000000000000000000e+00,5.764699999999999269e-01,-1.568999999999999909e-02,4.039200000000000013e-01,0.000000000000000000e+00,3.843099999999999850e-01,1.294099999999999973e-01,4.000000000000000222e-01,-5.882000000000000423e-02,5.647100000000000453e-01,1.411799999999999999e-01,4.666699999999999737e-01,8.235000000000000653e-02,5.254900000000000126e-01,-5.489999999999999741e-02,5.803899999999999615e-01,1.568999999999999909e-02,5.019600000000000728e-01,0.000000000000000000e+00,4.588200000000000056e-01,6.667000000000000703e-02,5.803899999999999615e-01,8.235000000000000653e-02,4.980399999999999827e-01,3.919999999999999873e-03,4.860100000000000531e-01,1.003899999999999931e-01,4.627499999999999947e-01,8.235000000000000653e-02,4.509799999999999920e-01,2.352899999999999991e-01,4.313699999999999757e-01,1.725500000000000089e-01,0.000000000000000000e+00
1.000000000000000000e+00,0.000000000000000000e+00,1.000000000000000000e+00,-8.713999999999999524e-02,1.000000000000000000e+00,-1.726300000000000057e-01,8.663499999999999535e-01,-8.177900000000000169e-01,9.481700000000000683e-01,6.105300000000000171e-01,9.547299999999999676e-01,-4.138199999999999656e-01,8.848600000000000909e-01,-3.173599999999999755e-01,8.793700000000000960e-01,-2.343300000000000105e-01,8.105100000000000637e-01,-6.218000000000000194e-01,1.224500000000000033e-01,-1.000000000000000000e+00,9.028399999999999759e-01,1.105299999999999894e-01,6.235699999999999577e-01,-7.854700000000000015e-01,5.538899999999999935e-01,-8.286799999999999722e-01,4.813600000000000101e-01,-8.658299999999998775e-01,4.064999999999999725e-01,-8.967399999999999816e-01,3.298400000000000221e-01,-9.212799999999998768e-01,-1.334100000000000008e-01,-1.000000000000000000e+00,0.000000000000000000e+00
1.000000000000000000e+00,0.000000000000000000e+00,9.964499999999999469e-01,6.468000000000000138e-02,1.000000000000000000e+00,-1.235999999999999946e-02,9.781100000000000350e-01,2.498000000000000220e-02,9.611200000000000854e-01,2.311999999999999819e-02,9.927399999999999558e-01,7.807999999999999663e-02,8.932299999999999685e-01,1.034599999999999964e-01,9.421200000000000685e-01,5.269000000000000072e-02,8.880899999999999350e-01,1.111999999999999933e-01,8.610399999999999165e-01,8.630999999999999783e-02,8.163300000000000001e-01,1.183000000000000024e-01,8.366799999999999793e-01,1.444199999999999928e-01,8.132899999999999574e-01,1.341200000000000170e-01,7.947600000000000220e-01,1.363800000000000012e-01,7.911000000000000254e-01,1.537900000000000100e-01,7.712200000000000166e-01,1.592999999999999972e-01,7.094099999999999850e-01,1.201500000000000068e-01,0.000000000000000000e+00
0.000000000000000000e+00,0.000000000000000000e+00,1.000000000000000000e+00,-1.000000000000000000e+00,1.000000000000000000e+00,1.000000000000000000e+00,1.000000000000000000e+00,-1.000000000000000000e+00,1.000000000000000000e+00,1.000000000000000000e+00,1.000000000000000000e+00,-1.000000000000000000e+00,1.000000000000000000e+00,-1.000000000000000000e+00,1.000000000000000000e+00,-1.000000000000000000e+00,1.000000000000000000e+00,1.000000000000000000e+00,1.000000000000000000e+00,1.000000000000000000e+00,1.000000000000000000e+00,1.000000000000000000e+00,1.000000000000000000e+00,-1.000000000000000000e+00,1.000000000000000000e+00,1.000000000000000000e+00,1.000000000000000000e+00,1.000000000000000000e+00,1.000000000000000000e+00,1.000000000000000000e+00,1.000000000000000000e+00,1.000000000000000000e+00,1.000000000000000000e+00,-1.000000000000000000e+00,1.000000000000000000e+00
1.000000000000000000e+00,0.000000000000000000e+00,1.000000000000000000e+00,-5.421000000000000263e-01,1.000000000000000000e+00,-1.000000000000000000e+00,1.000000000000000000e+00,-1.000000000000000000e+00,1.000000000000000000e+00,3.621699999999999919e-01,1.000000000000000000e+00,-4.111899999999999444e-01,1.000000000000000000e+00,1.000000000000000000e+00,1.000000000000000000e+00,-1.000000000000000000e+00,1.000000000000000000e+00,-2.935400000000000231e-01,1.000000000000000000e+00,-9.359899999999999887e-01,1.000000000000000000e+00,1.000000000000000000e+00,1.000000000000000000e+00,1.000000000000000000e+00,1.000000000000000000e+00,-4.088800000000000212e-01,1.000000000000000000e+00,-6.274499999999999522e-01,1.000000000000000000e+00,-1.000000000000000000e+00,1.000000000000000000e+00,-1.000000000000000000e+00,1.000000000000000000e+00,-1.000000000000000000e+00,1.000000000000000000e+00
1.000000000000000000e+00,0.000000000000000000e+00,0.000000000000000000e+00,0.000000000000000000e+00,1.000000000000000000e+00,-1.000000000000000000e+00,0.000000000000000000e+00,0.000000000000000000e+00,0.000000000000000000e+00,0.000000000000000000e+00,1.000000000000000000e+00,1.000000000000000000e+00,1.000000000000000000e+00,-2.534199999999999786e-01,1.000000000000000000e+00,2.328800000000000314e-01,1.000000000000000000e+00,-1.000000000000000000e+00,0.000000000000000000e+00,0.000000000000000000e+00,0.000000000000000000e+00,0.000000000000000000e+00,1.000000000000000000e+00,1.000000000000000000e+00,0.000000000000000000e+00,0.000000000000000000e+00,1.000000000000000000e+00,-1.000000000000000000e+00,0.000000000000000000e+00,0.000000000000000000e+00,1.000000000000000000e+00,-1.000000000000000000e+00,0.000000000000000000e+00,0.000000000000000000e+00,1.000000000000000000e+00
1.000000000000000000e+00,0.000000000000000000e+00,1.000000000000000000e+00,0.000000000000000000e+00,1.000000000000000000e+00,0.000000000000000000e+00,5.000000000000000000e-01,5.000000000000000000e-01,7.500000000000000000e-01,0.000000000000000000e+00,9.120099999999999874e-01,1.209400000000000058e-01,8.906700000000000728e-01,1.421000000000000041e-01,8.692200000000001037e-01,1.622800000000000076e-01,7.500000000000000000e-01,2.500000000000000000e-01,7.500000000000000000e-01,5.000000000000000000e-01,7.500000000000000000e-01,0.000000000000000000e+00,1.000000000000000000e+00,-2.500000000000000000e-01,5.000000000000000000e-01,5.000000000000000000e-01,7.394399999999999862e-01,2.638800000000000034e-01,7.500000000000000000e-01,2.500000000000000000e-01,6.963500000000000245e-01,2.907399999999999984e-01,6.749300000000000299e-01,3.029300000000000326e-01,0.000000000000000000e+00
1.000000000000000000e+00,0.000000000000000000e+00,1.000000000000000000e+00,2.460999999999999993e-02,9.967200000000000504e-01,4.861000000000000043e-02,9.754500000000000393e-01,7.142999999999999350e-02,6.174500000000000544e-01,-1.000000000000000000e+00,9.103600000000000581e-01,1.114699999999999996e-01,8.846200000000000729e-01,5.363999999999999879e-01,8.207700000000001106e-01,1.413699999999999957e-01,7.692899999999999183e-01,1.518899999999999972e-01,1.000000000000000000e+00,4.100300000000000056e-01,6.584999999999999742e-01,1.637099999999999944e-01,6.013800000000000257e-01,1.651600000000000013e-01,5.444600000000000550e-01,1.638999999999999901e-01,4.886699999999999933e-01,1.601899999999999991e-01,4.348100000000000298e-01,1.543599999999999972e-01,3.835199999999999720e-01,1.467700000000000116e-01,1.000000000000000000e+00,1.000000000000000000e+00,1.000000000000000000e+00
1.000000000000000000e+00,0.000000000000000000e+00,2.840900000000000092e-01,-3.181800000000000184e-01,0.000000000000000000e+00,0.000000000000000000e+00,6.818199999999999816e-01,-1.000000000000000000e+00,3.068199999999999816e-01,9.583299999999999041e-01,6.439399999999999569e-01,6.439000000000000279e-02,3.484800000000000120e-01,-8.484799999999999010e-01,0.000000000000000000e+00,0.000000000000000000e+00,5.909100000000000463e-01,-3.598500000000000032e-01,4.507600000000000495e-01,-8.068199999999999816e-01,0.000000000000000000e+00,0.000000000000000000e+00,0.000000000000000000e+00,0.000000000000000000e+00,2.424199999999999688e-01,1.780299999999999938e-01,1.000000000000000000e+00,-2.386400000000000188e-01,6.061000000000000415e-02,-4.848500000000000032e-01,1.628799999999999970e-01,-7.007600000000000495e-01,0.000000000000000000e+00,0.000000000000000000e+00,1.000000000000000000e+00
1.000000000000000000e+00,0.000000000000000000e+00,7.556399999999999784e-01,4.963800000000000434e-01,8.355000000000000204e-01,5.430099999999999927e-01,5.491599999999999815e-01,7.206299999999999928e-01,3.522500000000000075e-01,7.079199999999999937e-01,1.346900000000000042e-01,9.474899999999999434e-01,-9.817999999999998950e-02,9.377799999999999470e-01,-3.760399999999999854e-01,8.222299999999999054e-01,-5.274199999999999999e-01,7.116100000000000758e-01,-6.835799999999999654e-01,6.798899999999999944e-01,-7.016299999999999759e-01,2.495600000000000041e-01,-7.914700000000000069e-01,2.995000000000000093e-02,-9.898799999999999821e-01,-2.909900000000000264e-01,-7.035200000000000342e-01,-3.279199999999999893e-01,-6.331200000000000161e-01,-1.918499999999999928e-01,-3.413100000000000023e-01,-6.045399999999999663e-01,-1.960900000000000143e-01,-6.295600000000000085e-01,0.000000000000000000e+00
1.000000000000000000e+00,0.000000000000000000e+00,1.000000000000000000e+00,-1.631599999999999995e-01,1.000000000000000000e+00,-1.016900000000000026e-01,9.999899999999999345e-01,-1.519699999999999940e-01,1.000000000000000000e+00,-1.927699999999999969e-01,9.405499999999999972e-01,-3.515099999999999891e-01,9.573500000000000343e-01,-2.978500000000000036e-01,9.371899999999999675e-01,-3.441199999999999815e-01,9.448600000000000332e-01,-2.810599999999999765e-01,9.013700000000001156e-01,-4.338299999999999934e-01,8.604299999999999171e-01,-4.730800000000000005e-01,8.298700000000001076e-01,-5.121999999999999886e-01,8.407999999999999918e-01,-4.713699999999999557e-01,7.622399999999999176e-01,-5.836999999999999966e-01,6.572299999999999809e-01,-6.879399999999999959e-01,6.871399999999999730e-01,-6.453699999999999992e-01,6.472700000000000120e-01,-6.722600000000000797e-01,0.000000000000000000e+00
0.000000000000000000e+00,0.000000000000000000e+00,0.000000000000000000e+00,0.000000000000000000e+00,-1.000000000000000000e+00,1.000000000000000000e+00,1.000000000000000000e+00,1.000000000000000000e+00,-1.000000000000000000e+00,-1.000000000000000000e+00,0.000000000000000000e+00,0.000000000000000000e+00,-1.000000000000000000e+00,-1.000000000000000000e+00,-1.000000000000000000e+00,-3.125000000000000000e-01,-1.000000000000000000e+00,-1.000000000000000000e+00,1.000000000000000000e+00,-1.000000000000000000e+00,1.000000000000000000e+00,-1.000000000000000000e+00,0.000000000000000000e+00,0.000000000000000000e+00,1.000000000000000000e+00,-1.000000000000000000e+00,-1.000000000000000000e+00,-1.000000000000000000e+00,0.000000000000000000e+00,0.000000000000000000e+00,1.000000000000000000e+00,-1.000000000000000000e+00,0.000000000000000000e+00,0.000000000000000000e+00,1.000000000000000000e+00
1.000000000000000000e+00,0.000000000000000000e+00,9.407999999999999696e-01,1.193299999999999916e-01,8.573799999999999200e-01,1.038000000000000034e-02,8.512399999999999967e-01,1.545999999999999978e-02,7.696600000000000108e-01,-2.779999999999999919e-03,8.445899999999999519e-01,1.091599999999999931e-01,8.328899999999999082e-01,3.026999999999999830e-02,8.267999999999999794e-01,3.506000000000000089e-02,7.483800000000000452e-01,1.943000000000000282e-02,8.001899999999999569e-01,2.404999999999999846e-02,8.086200000000000054e-01,4.901000000000000495e-02,8.025899999999999146e-01,5.352000000000000507e-02,7.733600000000000474e-01,2.220000000000000098e-02,7.905800000000000605e-01,6.235000000000000264e-02,8.593899999999999872e-01,9.251000000000000889e-02,7.786300000000000443e-01,7.090000000000000469e-02,7.726899999999999880e-01,7.507999999999999396e-02,0.000000000000000000e+00
1.000000000000000000e+00,0.000000000000000000e+00,1.000000000000000000e+00,1.000000000000000000e+00,0.000000000000000000e+00,0.000000000000000000e+00,1.000000000000000000e+00,-1.000000000000000000e+00,-1.000000000000000000e+00,-1.000000000000000000e+00,1.000000000000000000e+00,1.000000000000000000e+00,1.000000000000000000e+00,-1.000000000000000000e+00,0.000000000000000000e+00,0.000000000000000000e+00,1.000000000000000000e+00,-1.000000000000000000e+00,1.000000000000000000e+00,1.000000000000000000e+00,0.000000000000000000e+00,0.000000000000000000e+00,1.000000000000000000e+00,-1.000000000000000000e+00,-1.000000000000000000e+00,-1.000000000000000000e+00,1.000000000000000000e+00,1.000000000000000000e+00,-1.000000000000000000e+00,1.000000000000000000e+00,-1.000000000000000000e+00,1.000000000000000000e+00,0.000000000000000000e+00,0.000000000000000000e+00,1.000000000000000000e+00
1.000000000000000000e+00,0.000000000000000000e+00,-6.793500000000000094e-01,-1.000000000000000000e+00,-1.000000000000000000e+00,1.000000000000000000e+00,1.000000000000000000e+00,6.331700000000000106e-01,3.515000000000000069e-02,-1.000000000000000000e+00,-1.000000000000000000e+00,-1.000000000000000000e+00,1.000000000000000000e+00,1.000000000000000000e+00,8.868299999999998962e-01,-1.000000000000000000e+00,-1.000000000000000000e+00,1.000000000000000000e+00,8.384000000000000341e-01,1.000000000000000000e+00,1.000000000000000000e+00,-1.000000000000000000e+00,-1.000000000000000000e+00,-1.000000000000000000e+00,-1.885599999999999776e-01,1.000000000000000000e+00,1.000000000000000000e+00,-1.000000000000000000e+00,-1.000000000000000000e+00,-1.000000000000000000e+00,-1.000000000000000000e+00,1.000000000000000000e+00,1.000000000000000000e+00,3.361099999999999643e-01,1.000000000000000000e+00
0.000000000000000000e+00,0.000000000000000000e+00,1.000000000000000000e+00,1.000000000000000000e+00,-1.000000000000000000e+00,-1.000000000000000000e+00,-1.000000000000000000e+00,-1.000000000000000000e+00,0.000000000000000000e+00,0.000000000000000000e+00,0.000000000000000000e+00,0.000000000000000000e+00,-1.000000000000000000e+00,-1.000000000000000000e+00,0.000000000000000000e+00,0.000000000000000000e+00,0.000000000000000000e+00,0.000000000000000000e+00,0.000000000000000000e+00,0.000000000000000000e+00,-1.000000000000000000e+00,1.000000000000000000e+00,1.000000000000000000e+00,1.000000000000000000e+00,0.000000000000000000e+00,0.000000000000000000e+00,1.000000000000000000e+00,-1.000000000000000000e+00,0.000000000000000000e+00,0.000000000000000000e+00,-1.000000000000000000e+00,-1.000000000000000000e+00,-1.000000000000000000e+00,-1.000000000000000000e+00,1.000000000000000000e+00
1.000000000000000000e+00,0.000000000000000000e+00,6.819800000000000306e-01,-1.731400000000000161e-01,8.233200000000000518e-01,2.190800000000000247e-01,4.664300000000000113e-01,3.286199999999999677e-01,2.579500000000000126e-01,5.830400000000000027e-01,1.000000000000000000e+00,-1.519400000000000195e-01,1.060000000000000005e-02,4.452300000000000146e-01,1.060000000000000005e-02,3.886900000000000355e-01,1.868100000000000038e-01,4.116800000000000459e-01,1.056700000000000000e-01,3.635300000000000198e-01,4.324999999999999678e-02,3.074500000000000011e-01,-8.300000000000001170e-04,2.493599999999999983e-01,-2.861999999999999961e-02,1.940500000000000003e-01,-4.313999999999999779e-02,1.448099999999999943e-01,-4.778999999999999915e-02,1.034900000000000125e-01,-4.585000000000000187e-02,7.063999999999999446e-02,-4.012999999999999901e-02,4.586000000000000493e-02,1.000000000000000000e+00
1.000000000000000000e+00,0.000000000000000000e+00,1.666999999999999732e-02,-3.562500000000000111e-01,0.000000000000000000e+00,0.000000000000000000e+00,0.000000000000000000e+00,0.000000000000000000e+00,0.000000000000000000e+00,0.000000000000000000e+00,0.000000000000000000e+00,0.000000000000000000e+00,0.000000000000000000e+00,0.000000000000000000e+00,1.229200000000000015e-01,-5.500000000000000444e-01,2.281300000000000272e-01,8.281299999999999217e-01,1.000000000000000000e+00,-4.229199999999999626e-01,0.000000000000000000e+00,0.000000000000000000e+00,8.333000000000000129e-02,-1.000000000000000000e+00,-1.062499999999999972e-01,-1.666700000000000126e-01,1.000000000000000000e+00,-7.666699999999999626e-01,-1.000000000000000000e+00,1.885400000000000131e-01,0.000000000000000000e+00,0.000000000000000000e+00,1.000000000000000000e+00,-2.729199999999999959e-01,1.000000000000000000e+00
1.000000000000000000e+00,0.000000000000000000e+00,9.007100000000000106e-01,1.773000000000000270e-02,1.000000000000000000e+00,-1.773000000000000270e-02,9.007100000000000106e-01,7.090000000000000815e-03,8.475200000000000511e-01,5.673999999999999877e-02,1.000000000000000000e+00,3.546000000000000540e-02,9.787200000000000344e-01,1.064000000000000015e-02,9.751799999999999358e-01,3.546000000000000540e-02,1.000000000000000000e+00,-3.191000000000000086e-02,8.971600000000000685e-01,-3.191000000000000086e-02,8.617000000000000215e-01,7.800999999999999601e-02,1.000000000000000000e+00,9.220000000000000417e-02,9.007100000000000106e-01,4.610000000000000209e-02,9.430500000000000549e-01,3.246999999999999886e-02,9.468100000000000405e-01,2.481999999999999831e-02,1.000000000000000000e+00,1.064000000000000015e-02,9.361700000000000577e-01,2.128000000000000030e-02,0.000000000000000000e+00
1.000000000000000000e+00,0.000000000000000000e+00,-6.562500000000000000e-01,1.562500000000000000e-01,6.250000000000000000e-02,0.000000000000000000e+00,0.000000000000000000e+00,6.250000000000000000e-02,6.250000000000000000e-01,6.250000000000000000e-02,1.875000000000000000e-01,0.000000000000000000e+00,-3.125000000000000000e-02,9.375000000000000000e-02,6.250000000000000000e-02,0.000000000000000000e+00,1.562500000000000000e-01,-1.562500000000000000e-01,4.375000000000000000e-01,-3.750000000000000000e-01,0.000000000000000000e+00,-9.375000000000000000e-02,0.000000000000000000e+00,0.000000000000000000e+00,3.125000000000000000e-02,-4.687500000000000000e-01,3.125000000000000000e-02,0.000000000000000000e+00,-7.187500000000000000e-01,3.125000000000000000e-02,-3.125000000000000000e-02,0.000000000000000000e+00,0.000000000000000000e+00,9.375000000000000000e-02,1.000000000000000000e+00
1.000000000000000000e+00,0.000000000000000000e+00,5.988700000000000134e-01,1.468900000000000206e-01,6.986799999999999677e-01,-1.393599999999999839e-01,8.512200000000000877e-01,-1.393599999999999839e-01,8.097900000000000098e-01,2.448000000000000176e-02,5.047099999999999920e-01,2.825000000000000080e-02,6.742000000000000215e-01,-4.519999999999999712e-02,8.079100000000000170e-01,-1.374799999999999911e-01,5.141200000000000214e-01,-2.448199999999999821e-01,8.154399999999999427e-01,-1.431300000000000072e-01,7.024500000000000188e-01,-3.770000000000000347e-03,3.333300000000000152e-01,6.214999999999999691e-02,5.612099999999999866e-01,-3.314500000000000224e-01,6.144399999999999862e-01,-1.683699999999999919e-01,5.273100000000000565e-01,-2.071999999999999884e-02,5.386100000000000332e-01,-3.126200000000000090e-01,6.742000000000000215e-01,-2.203400000000000081e-01,0.000000000000000000e+00
1.000000000000000000e+00,0.000000000000000000e+00,9.790499999999999758e-01,1.580999999999999905e-01,9.011200000000000321e-01,3.523699999999999610e-01,8.203899999999999526e-01,4.856100000000000416e-01,7.176000000000000156e-01,6.488800000000000123e-01,5.882699999999999596e-01,7.374300000000000299e-01,4.034900000000000153e-01,8.315600000000000769e-01,2.514000000000000123e-01,8.480400000000000160e-01,4.700000000000000011e-02,8.547500000000000098e-01,-1.219299999999999967e-01,7.974899999999999212e-01,-2.617999999999999772e-01,8.075399999999999245e-01,-3.783500000000000196e-01,7.167600000000000637e-01,-5.103400000000000158e-01,5.832399999999999807e-01,-5.758699999999999930e-01,4.603999999999999759e-01,-6.189899999999999292e-01,3.079600000000000115e-01,-6.575400000000000134e-01,1.834500000000000020e-01,-6.413399999999999102e-01,2.968000000000000152e-02,0.000000000000000000e+00
0.000000000000000000e+00,0.000000000000000000e+00,1.000000000000000000e+00,1.000000000000000000e+00,1.000000000000000000e+00,-1.000000000000000000e+00,1.000000000000000000e+00,-1.000000000000000000e+00,1.000000000000000000e+00,1.000000000000000000e+00,0.000000000000000000e+00,0.000000000000000000e+00,1.000000000000000000e+00,-1.000000000000000000e+00,0.000000000000000000e+00,0.000000000000000000e+00,0.000000000000000000e+00,0.000000000000000000e+00,0.000000000000000000e+00,0.000000000000000000e+00,-1.000000000000000000e+00,1.000000000000000000e+00,1.000000000000000000e+00,1.000000000000000000e+00,0.000000000000000000e+00,0.000000000000000000e+00,1.000000000000000000e+00,1.000000000000000000e+00,0.000000000000000000e+00,0.000000000000000000e+00,-1.000000000000000000e+00,-1.000000000000000000e+00,0.000000000000000000e+00,0.000000000000000000e+00,1.000000000000000000e+00
1.000000000000000000e+00,0.000000000000000000e+00,6.584499999999999797e-01,4.361700000000000021e-01,4.468100000000000405e-01,7.480399999999999272e-01,5.319000000000000117e-02,8.510600000000000387e-01,-3.202699999999999991e-01,8.213899999999999535e-01,-6.825299999999999701e-01,5.240799999999999903e-01,-8.421100000000000252e-01,7.111000000000000654e-02,-8.281100000000000128e-01,-2.872300000000000408e-01,-4.703199999999999603e-01,-7.172500000000000542e-01,-4.759000000000000036e-02,-8.600200000000001177e-01,2.329199999999999882e-01,-7.631600000000000605e-01,5.666299999999999670e-01,-5.212799999999999656e-01,7.429999999999999938e-01,-1.864500000000000046e-01,7.475800000000000223e-01,2.371300000000000074e-01,4.518499999999999739e-01,5.907100000000000684e-01,2.054900000000000060e-01,7.676399999999999890e-01,-1.853299999999999947e-01,7.435599999999999987e-01,0.000000000000000000e+00
1.000000000000000000e+00,0.000000000000000000e+00,1.000000000000000000e+00,8.379999999999999949e-02,1.000000000000000000e+00,1.738699999999999968e-01,1.000000000000000000e+00,-1.330800000000000038e-01,9.817200000000000371e-01,6.451999999999999957e-01,1.000000000000000000e+00,4.790399999999999658e-01,1.000000000000000000e+00,5.911300000000000443e-01,1.000000000000000000e+00,7.075799999999999867e-01,1.000000000000000000e+00,8.277700000000001168e-01,1.000000000000000000e+00,9.509900000000000020e-01,1.000000000000000000e+00,1.000000000000000000e+00,9.804200000000000692e-01,1.000000000000000000e+00,9.162399999999999434e-01,1.000000000000000000e+00,8.389900000000000135e-01,1.000000000000000000e+00,7.482199999999999962e-01,1.000000000000000000e+00,6.435800000000000409e-01,1.000000000000000000e+00,5.247899999999999787e-01,1.000000000000000000e+00,0.000000000000000000e+00
1.000000000000000000e+00,0.000000000000000000e+00,9.243600000000000705e-01,3.692400000000000126e-01,7.197600000000000664e-01,6.842000000000000304e-01,2.930300000000000127e-01,9.407799999999999496e-01,-1.110799999999999982e-01,7.652700000000000058e-01,-3.160499999999999976e-01,9.245299999999999629e-01,-6.661600000000000854e-01,7.876600000000000268e-01,-9.214499999999999913e-01,4.231399999999999606e-01,-9.431500000000000439e-01,9.585000000000000464e-02,-1.000000000000000000e+00,3.191000000000000086e-02,-6.643100000000000671e-01,-6.627800000000000358e-01,-4.601000000000000090e-01,-7.817399999999999904e-01,-1.348599999999999799e-01,-8.808200000000000474e-01,1.976499999999999924e-01,-8.513700000000000712e-01,4.890399999999999747e-01,-7.024699999999999278e-01,6.988600000000000367e-01,-4.604800000000000004e-01,7.606600000000000028e-01,-1.319400000000000017e-01,0.000000000000000000e+00
1.000000000000000000e+00,0.000000000000000000e+00,3.534599999999999964e-01,-1.376799999999999968e-01,6.938699999999999868e-01,-2.423000000000000154e-02,6.819499999999999451e-01,-3.574000000000000093e-02,5.571699999999999431e-01,-6.118999999999999440e-02,6.183600000000000207e-01,-1.046699999999999992e-01,6.209899999999999309e-01,-6.527000000000000857e-02,5.936100000000000820e-01,-7.288999999999999646e-02,4.227100000000000302e-01,-2.640899999999999914e-01,5.821300000000000363e-01,4.991999999999999910e-02,4.973600000000000243e-01,-8.770999999999999630e-02,4.624100000000000432e-01,-8.988999999999999768e-02,4.500800000000000356e-01,-5.640000000000000048e-03,3.914599999999999747e-01,-9.038000000000000200e-02,3.558800000000000296e-01,-1.030599999999999850e-01,3.223199999999999954e-01,-8.637000000000000233e-02,2.894300000000000206e-01,-8.300000000000000433e-02,0.000000000000000000e+00
1.000000000000000000e+00,0.000000000000000000e+00,1.000000000000000000e+00,9.802000000000000990e-02,1.000000000000000000e+00,2.510100000000000109e-01,9.838999999999999968e-01,3.304400000000000115e-01,8.036499999999999755e-01,5.302000000000000046e-01,7.497699999999999365e-01,6.029700000000000060e-01,5.693699999999999317e-01,7.194199999999999484e-01,5.531099999999999905e-01,7.407899999999999485e-01,2.945200000000000040e-01,8.219299999999999384e-01,2.113699999999999746e-01,7.977699999999999791e-01,9.708999999999999575e-02,8.216200000000001280e-01,-1.734000000000000125e-02,7.986999999999999655e-01,-1.514400000000000190e-01,7.559600000000000763e-01,-2.283900000000000097e-01,6.918699999999999850e-01,-3.171300000000000230e-01,6.094800000000000217e-01,-4.029099999999999904e-01,5.452199999999999269e-01,-4.281499999999999750e-01,4.453399999999999581e-01,0.000000000000000000e+00
1.000000000000000000e+00,0.000000000000000000e+00,6.872899999999999565e-01,1.000000000000000000e+00,9.197299999999999365e-01,-7.608699999999999353e-01,8.177300000000000679e-01,4.347999999999999782e-02,7.608699999999999353e-01,1.070200000000000040e-01,8.678899999999999393e-01,7.374600000000000044e-01,7.006700000000000150e-01,1.822700000000000153e-01,7.591999999999999860e-01,1.371199999999999919e-01,9.347799999999999443e-01,-2.508400000000000074e-01,7.073599999999999888e-01,1.872900000000000120e-01,6.488300000000000178e-01,2.458199999999999830e-01,6.020100000000000451e-01,7.742499999999999938e-01,1.000000000000000000e+00,-5.384600000000000497e-01,8.926200000000000800e-01,2.221599999999999964e-01,7.106999999999999984e-01,5.384600000000000497e-01,1.000000000000000000e+00,-6.522000000000000020e-02,5.652199999999999447e-01,2.391300000000000092e-01,1.000000000000000000e+00
1.000000000000000000e+00,0.000000000000000000e+00,1.000000000000000000e+00,1.000000000000000000e+00,1.000000000000000000e+00,1.000000000000000000e+00,9.101000000000000201e-01,1.000000000000000000e+00,-2.696999999999999953e-01,1.000000000000000000e+00,-8.315200000000000369e-01,1.000000000000000000e+00,-1.000000000000000000e+00,1.000000000000000000e+00,-1.000000000000000000e+00,7.252600000000000158e-01,-1.000000000000000000e+00,-5.777899999999999148e-01,-1.000000000000000000e+00,-4.205200000000000049e-01,-1.000000000000000000e+00,-1.000000000000000000e+00,-5.283800000000000718e-01,-1.000000000000000000e+00,9.001399999999999402e-01,-1.000000000000000000e+00,1.000000000000000000e+00,-1.000000000000000000e+00,1.000000000000000000e+00,-1.000000000000000000e+00,1.000000000000000000e+00,-3.468600000000000017e-01,1.000000000000000000e+00,3.484499999999999820e-01,0.000000000000000000e+00
1.000000000000000000e+00,0.000000000000000000e+00,5.845899999999999430e-01,-3.552599999999999647e-01,1.000000000000000000e+00,3.533800000000000274e-01,7.537599999999999856e-01,-5.640000000000000048e-03,8.251899999999999791e-01,1.936100000000000043e-01,5.018799999999999928e-01,-2.763199999999999545e-01,6.597699999999999676e-01,6.391000000000000847e-02,6.973699999999999344e-01,1.466200000000000003e-01,7.236799999999999899e-01,-4.266899999999999582e-01,7.612800000000000678e-01,4.511000000000000426e-02,6.691699999999999315e-01,2.048900000000000166e-01,8.477399999999999380e-01,-4.097699999999999676e-01,6.484999999999999654e-01,-4.698999999999999705e-02,5.683600000000000874e-01,-1.057099999999999845e-01,5.282000000000000028e-01,-1.334599999999999953e-01,1.560199999999999920e-01,-1.221799999999999969e-01,4.476699999999999569e-01,-1.030900000000000150e-01,0.000000000000000000e+00
